Iteration,CHR_Without,CHR_With,HRR_Without,HRR_With,Latency_Without,Latency_With
1,0.0,0.0,0.71875,0.8132648303350715,0.0031335582006582,0.0027214987617986777
2,0.0,0.0,0.765625,0.8663038410090979,0.0032235655538179,0.0027996702475318763
3,0.0,0.0,0.7291666666666666,0.8250512771515217,0.0019066763605877,0.0016559505272314037
4,0.0,0.0,0.7109375,0.8044249952227338,0.000411078641978,0.0003570222550549777
5,0.0,0.0,0.7125,0.8061929622452013,0.0016150751396187,0.0014026945444194606
6,0.0,0.0,0.7125,0.8061929622452013,0.000822685552211,0.0007145033116734873
7,0.0,0.0,0.7135416666666666,0.8073716069268463,0.0013192223567515,0.0011457460753983156
8,0.0,0.0,0.7276785714285714,0.823367499034886,0.0010173334585445,0.0008835552335309001
9,0.0,0.0,0.734375,0.830944500559747,0.0006040117237825,0.0005245848499130084
10,0.0,0.0,0.734375,0.830944500559747,0.0009887645305769,0.0008587430880046393
11,0.0,0.0,0.7395833333333334,0.8368377239679722,0.000239840439211,0.0002083016866273246
12,0.0,0.0,0.740625,0.8380163686496171,0.0006647016023205,0.0005772940765232517
13,0.0,0.0,0.7329545454545454,0.8293372578120491,0.0006248398730218,0.0005426741205553749
14,0.0,0.0,0.7329545454545454,0.8293372578120491,0.0001305807548968,0.0001134095300006656
15,0.0,0.0,0.734375,0.830944500559747,0.0006671533498526,0.0005794234219655835
16,0.7462686567164178,0.8444021599844999,0.7307692307692307,0.8268645766617448,0.0004387833152178,0.0003810837943946062
17,0.7042253521126761,0.7968302073093169,0.7307692307692307,0.8268645766617448,0.0002232012714106,0.00019385055099606767
18,0.6666666666666667,0.75433259625282,0.7307692307692307,0.8268645766617448,0.0005286725712766,0.0004591527126651025
19,0.628930817610063,0.7116345247668113,0.7307692307692307,0.8268645766617448,0.0005622019636623,0.0004882730270228756
20,0.5952380952380952,0.6735112466543035,0.7307692307692307,0.8268645766617448,0.0004055569712598,0.0003522266779313472
21,0.5714285714285714,0.6465707967881313,0.734375,0.830944500559747,0.0002579019059062,0.0002239880904212385
22,0.546448087431694,0.6183054067646065,0.734375,0.830944500559747,9.040711688401262e-05,7.851868096975115e-05
23,0.5319148936170213,0.6018611140315052,0.7416666666666667,0.8391950133312622,0.0001812955005563,0.00015745534267721747
24,0.5181347150259068,0.5862688571913108,0.748046875,0.846414212006338,0.0003919401574572,0.00034040046008875695
25,0.5025125628140703,0.5685924092357938,0.7518382352941176,0.8507041319873254,0.0004191857372496,0.00036406327626173525
26,0.4878048780487805,0.5519506801849902,0.7518382352941176,0.8507041319873254,0.0004033288874131,0.0003502915846470724
27,0.4716981132075472,0.5337258935751085,0.7518382352941176,0.8507041319873254,5.02918932190102e-05,4.367856486447207e-05
28,0.4504504504504504,0.5096841866573107,0.7482638888888888,0.8466597629816807,6.813978895272367e-05,5.917948204220645e-05
29,0.4273504273504274,0.4835465360595,0.7417763157894737,0.839319081192488,0.000121516447703,0.000105537169181164
30,0.4081632653061224,0.46183628342009375,0.7417763157894737,0.839319081192488,0.000345041886839,0.00029966926020514814
31,0.3937007874015747,0.445472005661114,0.7417763157894737,0.839319081192488,0.0001725157404022,0.00014983011127629647
32,0.3787878787878788,0.4285980660527386,0.7417763157894737,0.839319081192488,0.0003550281555927,0.0003083423456587627
33,0.3636363636363636,0.41145414341062897,0.7417763157894737,0.839319081192488,0.0003337286652848,0.0002898437147771927
34,0.3546099290780142,0.4012407426876702,0.7417763157894737,0.839319081192488,0.0001633542602281,0.00014187335561596784
35,0.3436426116838488,0.3888312351818659,0.7417763157894737,0.839319081192488,4.2355717667170575e-05,3.678598762329883e-05
36,0.6666666666666667,0.75433259625282,0.7417763157894737,0.839319081192488,3.397104692444658e-05,2.9503891812976913e-05
37,0.6451612903225806,0.7299992866962773,0.7417763157894737,0.839319081192488,3.4460075596958935e-05,2.9928613755734155e-05
38,0.6230529595015576,0.7049837348157195,0.7417763157894737,0.839319081192488,0.0002741613977707,0.00023810947708238867
39,0.6134969325153374,0.6941711008461533,0.7417763157894737,0.839319081192488,0.0001496880643131,0.00013000424935416028
40,0.8955223880597015,1.0132825919814,0.7417763157894737,0.839319081192488,8.621893147814579e-05,7.488123731421104e-05
41,0.8746355685131195,0.9896491787573438,0.7417763157894737,0.839319081192488,0.0001142004342811,9.918320343550744e-05
42,0.8620689655172413,0.975430081361405,0.7417763157894737,0.839319081192488,0.0001820032225478,0.00015807000000930737
43,0.8356545961002786,0.9455422515703871,0.7417763157894737,0.839319081192488,0.0001291374844016,0.00011215604797987455
44,0.819672131147541,0.9274581101469097,0.7417763157894737,0.839319081192488,0.0001079255533047,9.37334623698653e-05
45,1.0723860589812333,1.213403640084965,0.7417763157894737,0.839319081192488,0.0002277276648685,0.00019778172871872844
46,1.0526315789473684,1.1910514677676103,0.7417763157894737,0.839319081192488,0.0002413372885562,0.00020960170193857854
47,1.03359173126615,1.1695079011671627,0.7417763157894737,0.839319081192488,0.0002254587757333,0.00019581119599627628
48,1.0101010101010102,1.1429281761406362,0.7417763157894737,0.839319081192488,0.000208591644886,0.00018116207420674607
49,0.99009900990099,1.1202959350289403,0.7417763157894737,0.839319081192488,0.0001783785947134,0.00015492200672766716
50,1.2224938875305624,1.383250482126198,0.7417763157894737,0.839319081192488,0.0001589776183018,0.0001380722372640701
51,1.2048192771084338,1.3632516799749759,0.7417763157894737,0.839319081192488,7.586474718762197e-05,6.588861681008989e-05
52,1.1848341232227488,1.3406385004493244,0.7417763157894737,0.839319081192488,0.0001973152008034,0.00017136847005353717
53,1.3921113689095126,1.5751724747738696,0.7417763157894737,0.839319081192488,4.249478984034435e-05,3.6906771959461336e-05
54,1.6018306636155606,1.8124696248637548,0.7417763157894737,0.839319081192488,0.0001929794304849,0.0001676028487382022
55,1.580135440180587,1.7879215035337719,0.7417763157894737,0.839319081192488,8.92676861564609e-05,7.75290841230942e-05
56,1.545253863134658,1.7484530376720993,0.7390625,0.8362484016271495,0.0001788114872001,0.00015529797433098104
57,1.7391304347826086,1.967824164137791,0.7390625,0.8362484016271495,3.7420913719983855e-05,3.2500104939145424e-05
58,1.6985138004246283,1.9218664872683309,0.7390625,0.8362484016271495,6.913493055002608e-05,6.0043763619712806e-05
59,1.6666666666666667,1.88583149063205,0.7390625,0.8362484016271495,7.656167533096841e-05,6.649389967312451e-05
60,1.8556701030927836,2.099688669982076,0.7440476190476191,0.8418890583178794,0.0001105743386293,9.603393535283248e-05
61,1.8255578093306288,2.0656166428829756,0.7443181818181818,0.8421951997936313,0.0001982217050273,0.0001721557699742442
62,1.7999999999999998,2.0366980098826133,0.7443181818181818,0.8421951997936313,0.0001674975586048,0.00014547181483704852
63,1.782178217821782,2.0165326830520924,0.7443181818181818,0.8421951997936313,7.226235191335433e-05,6.27599325315054e-05
64,1.7543859649122806,1.985085779612684,0.7443181818181818,0.8421951997936313,0.0001426269923466,0.0001238717005443872
65,1.717557251908397,1.9434141315673796,0.7443181818181818,0.8421951997936313,9.621717334615746e-05,8.356472143084304e-05
66,1.6791044776119404,1.8999048599651247,0.7443181818181818,0.8421951997936313,0.0001493332009068,0.00012969605009344437
67,1.651376146788991,1.868530284295976,0.7443181818181818,0.8421951997936313,4.692298873768496e-05,4.0752667597710334e-05
68,1.62748643761302,1.8414991047763236,0.7443181818181818,0.8421951997936313,8.48957961238084e-05,7.373209279608309e-05
69,1.601423487544484,1.8120089055895139,0.7443181818181818,0.8421951997936313,6.967214379236704e-05,6.0510333914640053e-05
70,1.5873015873015872,1.7960299910781425,0.7443181818181818,0.8421951997936313,8.375445570784907e-05,7.274083738293274e-05
71,1.5734265734265735,1.7803304282190682,0.7443181818181818,0.8421951997936313,0.0001460180434433,0.00012681683217108768
72,1.559792027729636,1.76490295483762,0.7443181818181818,0.8421951997936313,0.0001274740733131,0.00011071137361041046
73,1.5332197614991483,1.7348364649766728,0.7443181818181818,0.8421951997936313,0.0001163696271195,0.0001010671498139625
74,1.51006711409396,1.7086392700357502,0.7443181818181818,0.8421951997936313,3.5726352539835544e-05,3.102837668064458e-05
75,1.6474464579901154,1.864083845764794,0.7443181818181818,0.8421951997936313,9.536959853224329e-05,8.282860176786227e-05
76,1.6233766233766231,1.8368488545117365,0.7443181818181818,0.8421951997936313,2.4592288601961856e-05,2.1358429840548935e-05
77,1.6051364365971106,1.8162101033374474,0.7443181818181818,0.8421951997936313,8.123770050278009e-05,7.05550327047535e-05
78,1.7377567140600316,1.9662698006590094,0.7443181818181818,0.8421951997936313,0.0001298063488123,0.0001127369574600779
79,1.71606864274571,1.9417297719456363,0.7443181818181818,0.8421951997936313,0.0001004297628671,8.722336008730812e-05
80,1.7001545595054095,1.9237230043541773,0.7443181818181818,0.8421951997936313,7.88128107404516e-05,6.844901326516271e-05
81,1.6793893129770994,1.9002271508658823,0.7443181818181818,0.8421951997936313,8.481549734364016e-05,7.366235321672696e-05
82,1.6491754122938531,1.8660401556479054,0.7443181818181818,0.8421951997936313,8.759356985215842e-05,7.607511226186974e-05
83,1.6200294550810015,1.8330615372859393,0.7443181818181818,0.8421951997936313,2.9353716793469708e-05,2.5493735489207408e-05
84,1.5988372093023258,1.8090825346179549,0.7443181818181818,0.8421951997936313,3.1695963825517445e-05,2.7527979626177835e-05
85,1.5804597701149428,1.7882884824959095,0.7443181818181818,0.8421951997936313,4.310029444182957e-05,3.743265337530972e-05
86,1.5647226173541962,1.7704819115464476,0.7443181818181818,0.8421951997936313,4.526596113333561e-05,3.931353729128878e-05
87,1.544943820224719,1.7481022244622932,0.7443181818181818,0.8421951997936313,0.0001010149261384,8.773157503540082e-05
88,1.5341701534170151,1.7359118323809661,0.7443181818181818,0.8421951997936313,9.297599491733092e-05,8.074975438189301e-05
89,1.5193370165745856,1.7191281544435812,0.7443181818181818,0.8421951997936313,9.573984464020238e-05,8.315016092197652e-05
90,1.6371077762619373,1.8523856388200217,0.7443181818181818,0.8421951997936313,5.1394273713982675e-05,4.463598354317043e-05
91,1.6172506738544474,1.8299173494003718,0.7443181818181818,0.8421951997936313,0.0001259601764501,0.00010939655251109914
92,1.593625498007968,1.8031854890505654,0.7443181818181818,0.8421951997936313,0.0001031041434002,8.954606253715613e-05
93,1.58311345646438,1.791291125666327,0.7443181818181818,0.8421951997936313,8.181360925360876e-05,7.105521009158487e-05
94,1.564537157757497,1.7702720642178305,0.7443181818181818,0.8421951997936313,5.517467765082016e-05,4.79192685420069e-05
95,1.552393272962484,1.7565312719988047,0.7443181818181818,0.8421951997936313,7.085064636822637e-05,6.15338647047508e-05
96,1.6709511568123392,1.890679386494857,0.7443181818181818,0.8421951997936313,2.801348825009427e-05,2.4329745517501327e-05
97,1.6455696202531649,1.8619602059405052,0.7443181818181818,0.8421951997936313,6.844633942481177e-05,5.944572146614353e-05
98,1.6229712858926344,1.8363902155967529,0.7443181818181818,0.8421951997936313,5.4344516325654954e-05,4.719827251325732e-05
99,1.6129032258064515,1.8249982167406933,0.7443181818181818,0.8421951997936313,1.6116822746915274e-05,1.3997478374789893e-05
100,1.6029593094944512,1.8137466864278653,0.7443181818181818,0.8421951997936313,3.101868679574233e-05,2.6939763777006593e-05
101,1.5853658536585369,1.7938397106012185,0.7443181818181818,0.8421951997936313,1.444873991581234e-05,1.2548746591709971e-05
102,1.5681544028950545,1.7743649730916755,0.7443181818181818,0.8421951997936313,8.938130017499435e-05,7.762775802380453e-05
103,1.5568862275449102,1.761615045141316,0.7443181818181818,0.8421951997936313,4.047701795970577e-05,3.515433485023623e-05
104,1.6587677725118484,1.8768939006290544,0.7443181818181818,0.8421951997936313,0.0001022729758522,8.882419260276203e-05
105,1.647058823529412,1.8636452378010846,0.7443181818181818,0.8421951997936313,7.613044118209009e-05,6.611937233804226e-05
106,1.629802095459837,1.8441192690697574,0.7443181818181818,0.8421951997936313,7.267273307169975e-05,6.311634902125433e-05
107,1.6147635524798154,1.8271031743147885,0.7443181818181818,0.8421951997936313,7.848309372437863e-05,6.816265367216136e-05
108,1.7162471395881007,1.9419317409254517,0.7443181818181818,0.8421951997936313,3.173594148939059e-05,2.75627002714518e-05
109,1.70261066969353,1.926502090316509,0.7443181818181818,0.8421951997936313,2.401846149424297e-05,2.086006036305991e-05
110,1.6930022573363432,1.9156301823576127,0.7443181818181818,0.8421951997936313,9.107949022443072e-05,7.91026379592942e-05
111,1.7917133258678613,2.0273216472640176,0.7443181818181818,0.8421951997936313,5.084627702766342e-05,4.416004781522564e-05
112,1.7718715393133997,2.004870687715136,0.7443181818181818,0.8421951997936313,7.805698057677073e-05,6.779257393234435e-05
113,1.75054704595186,1.9807420470533563,0.7443181818181818,0.8421951997936313,8.944197605240982e-05,7.768045509042437e-05
114,1.7334777898158178,1.961428202607549,0.7443181818181818,0.8421951997936313,1.9620513428980217e-05,1.7040437605916486e-05
115,1.7241379310344829,1.9508601627228102,0.7443181818181818,0.8421951997936313,7.215042234058494e-05,6.266272157380353e-05
116,1.711229946524064,1.9362547925206068,0.7443181818181818,0.8421951997936313,2.6923908008872643e-05,2.3383443873337797e-05
117,1.702127659574468,1.9259555649008169,0.7443181818181818,0.8421951997936313,7.427962866364794e-05,6.451193961947848e-05
118,1.6824395373291272,1.9036784763478105,0.7443181818181818,0.8421951997936313,5.96064587923079e-05,5.176827536325829e-05
119,1.7726798748696555,2.0057853185033268,0.7443181818181818,0.8421951997936313,4.273190293288987e-05,3.711270494249428e-05
120,1.8633540372670807,2.108383033004776,0.7443181818181818,0.8421951997936313,1.930122110010165e-05,1.676313186526922e-05
121,1.8461538461538465,2.08892103577704,0.7443181818181818,0.8421951997936313,6.790685796691375e-05,5.8977181223497195e-05
122,1.9308943089430897,2.184804775732253,0.7443181818181818,0.8421951997936313,5.5411192905369354e-05,4.8124682302079055e-05
123,1.9114688128772637,2.162824848411003,0.7443181818181818,0.8421951997936313,3.7445488233673974e-05,3.2521447931455385e-05
124,1.8962075848303397,2.145556785749039,0.7443181818181818,0.8421951997936313,7.66580230441973e-05,6.657757776858782e-05
125,1.8737672583826428,2.120165581183961,0.7443181818181818,0.8421951997936313,4.704399459343899e-05,4.0857761317219294e-05
126,1.859099804305284,2.1035693731120713,0.7443181818181818,0.8421951997936313,5.858148229897337e-05,5.087808214556194e-05
127,1.8500486854917235,2.0933280421816325,0.7443181818181818,0.8421951997936313,4.35287751246656e-05,3.780478932208995e-05
128,1.937984496124031,2.19282731468843,0.7443181818181818,0.8421951997936313,8.940424951403384e-05,7.764768955013358e-05
129,2.021174205967276,2.2869563793997907,0.7443181818181818,0.8421951997936313,9.194239357022698e-05,7.985207046916212e-05
130,2.0114942528735633,2.276003523176612,0.7443181818181818,0.8421951997936313,1.366854618988248e-05,1.1871147478141499e-05
131,1.9943019943019944,2.2565505016109997,0.7443181818181818,0.8421951997936313,1.2117229501673766e-05,1.052382721926428e-05
132,1.9736842105263157,2.233221502064269,0.7443181818181818,0.8421951997936313,9.162869981972522e-05,7.957962710002502e-05
133,1.95712954333644,2.2144899144421086,0.7443181818181818,0.8421951997936313,5.07640101631332e-05,4.408859895242519e-05
134,1.942645698427382,2.1981014599411495,0.7443181818181818,0.8421951997936313,4.681596061494891e-05,4.065971355478156e-05
135,1.924839596700275,2.1779538755237238,0.7443181818181818,0.8421951997936313,1.6724173743527897e-05,1.4524963386847832e-05
136,1.916058394160584,2.1680179545587435,0.7443181818181818,0.8421951997936313,5.429446750665336e-05,4.7154805058619415e-05
137,1.8970189701897016,2.1464748673860723,0.7443181818181818,0.8421951997936313,3.4918913851924255e-05,3.032711528747264e-05
138,1.9766397124887691,2.236565649267121,0.7443181818181818,0.8421951997936313,7.167711390931056e-05,6.22516526779421e-05
139,1.9677996422182469,2.2265631195297906,0.7443181818181818,0.8421951997936313,8.139112429226797e-05,7.068828143555226e-05
140,2.039007092198582,2.307134270454104,0.7443181818181818,0.8421951997936313,7.082009758691926e-05,6.150733305441022e-05
141,2.10896309314587,2.3862894081811525,0.7443181818181818,0.8421951997936313,3.315150123404687e-05,2.8792115474758033e-05
142,2.092414995640802,2.3675652541500884,0.7443181818181818,0.8421951997936313,2.051305052439997e-05,1.781560706009609e-05
143,2.0743301642178045,2.347102287389932,0.7443181818181818,0.8421951997936313,5.93340938632673e-05,5.15317261212542e-05
144,2.056555269922879,2.3269900141475164,0.7443181818181818,0.8421951997936313,4.139366998791898e-05,3.5950448150208925e-05
145,2.0390824129141887,2.3072194957605365,0.7443181818181818,0.8421951997936313,2.5122933823862137e-05,2.1819295802461707e-05
146,2.0287404902789516,2.2955176217330107,0.7443181818181818,0.8421951997936313,6.298407131493255e-05,5.4701735573516346e-05
147,2.0185029436501263,2.283933849041339,0.7443181818181818,0.8421951997936313,7.446390137366544e-05,6.467198067186441e-05
148,2.0050125313283207,2.2686694624144956,0.7443181818181818,0.8421951997936313,4.581811127833083e-05,3.97930803026858e-05
149,1.99501246882793,2.257354402751581,0.7443181818181818,0.8421951997936313,5.666576576308244e-05,4.9214280216084684e-05
150,1.9769357495881383,2.2369006149177526,0.7443181818181818,0.8421951997936313,8.040665924206846e-05,6.983327245100897e-05
151,1.9639934533551555,2.222256421039404,0.7443181818181818,0.8421951997936313,3.0339604679478224e-05,2.6349980208223926e-05
152,1.951219512195122,2.2078027207399606,0.7443181818181818,0.8421951997936313,3.406978570750518e-05,2.9589646555230955e-05
153,1.937046004842615,2.1917654128411233,0.7443181818181818,0.8421951997936313,5.5985565235316126e-05,4.862352530567581e-05
154,1.9261637239165328,2.179452124004937,0.7443181818181818,0.8421951997936313,1.9964534496346533e-05,1.7339220283280967e-05
155,1.9184652278177456,2.1707412841807763,0.7443181818181818,0.8421951997936313,1.1611810566076884e-05,1.0084870314896714e-05
156,1.906274821286736,2.156947852668906,0.7443181818181818,0.8421951997936313,3.3393903380919526e-05,2.900264200732178e-05
157,1.895734597156398,2.145021600718919,0.7443181818181818,0.8421951997936313,3.666158032922073e-05,3.184062304973288e-05
158,1.8779342723004695,2.1248805528248447,0.7443181818181818,0.8421951997936313,3.655128968730131e-05,3.174483550528624e-05
159,1.8648018648018647,2.110021248259636,0.7443181818181818,0.8421951997936313,3.0675438537424304e-05,2.6641652285154988e-05
160,1.848998459167951,2.092139712257436,0.7443181818181818,0.8421951997936313,6.227242556630265e-05,5.408367045402096e-05
161,1.918649270913277,2.1709495287398886,0.7443181818181818,0.8421951997936313,5.767147991791312e-05,5.0087744071493584e-05
162,1.9098548510313216,2.1609986523667493,0.7443181818181818,0.8421951997936313,5.452285113653624e-05,4.735315649367839e-05
163,1.8996960486322187,2.1495039786839474,0.7443181818181818,0.8421951997936313,6.950809248505939e-05,6.036785517286482e-05
164,1.8910741301059,2.1397482874039895,0.7443181818181818,0.8421951997936313,6.971511971918216e-05,6.0547658554594065e-05
165,1.882530120481928,2.1300807499609,0.7443181818181818,0.8421951997936313,5.021905825024746e-05,4.3615307613573775e-05
166,1.8684603886397608,2.1141608639372755,0.7443181818181818,0.8421951997936313,4.489828616054299e-05,3.899421117090931e-05
167,1.8601190476190477,2.1047226457946984,0.7443181818181818,0.8421951997936313,5.2740320610105806e-05,4.580502676067078e-05
168,1.850481125092524,2.093817347111824,0.7443181818181818,0.8421951997936313,3.6083259074203144e-05,3.133835040034612e-05
169,1.839587932303164,2.0814917115144036,0.7443181818181818,0.8421951997936313,1.48372534253974e-05,1.28861710043332e-05
170,1.82882223847842,2.0693103408544804,0.7443181818181818,0.8421951997936313,3.274231532533354e-05,2.8436737060636063e-05
171,1.8168604651162792,2.055775607520403,0.7443181818181818,0.8421951997936313,3.460124766418913e-05,3.0051221852206345e-05
172,1.8786127167630056,2.1256482119841023,0.7443181818181818,0.8421951997936313,7.184592895299337e-05,6.239826873002605e-05
173,1.8678160919540232,2.113431842949711,0.7443181818181818,0.8421951997936313,6.541417221203906e-05,5.681228088942338e-05
174,1.8571428571428572,2.101355089561427,0.7443181818181818,0.8421951997936313,4.7855961151947645e-05,4.156295517101115e-05
175,1.8465909090909092,2.0894155720071006,0.7443181818181818,0.8421951997936313,1.6177007787172645e-05,1.404974914879525e-05
176,1.8335684062059237,2.0746806243906892,0.7443181818181818,0.8421951997936313,5.026012722026414e-05,4.365097605943997e-05
177,1.8258426966292136,2.065938992546347,0.7443181818181818,0.8421951997936313,5.437417820966763e-05,4.722403389231712e-05
178,1.8118466898954704,2.050102526401392,0.7443181818181818,0.8421951997936313,2.706850473540359e-05,2.350902629019907e-05
179,1.8043025676613464,2.041566360434419,0.7443181818181818,0.8421951997936313,6.060769221174408e-05,5.263784769502307e-05
180,1.7943409247757072,2.0302947725231175,0.7443181818181818,0.8421951997936313,4.377969758264363e-05,3.802271575426895e-05
181,1.7808219178082192,2.0149980310862996,0.7443181818181818,0.8421951997936313,3.798882224908771e-05,3.299333412456358e-05
182,1.8430034129692832,2.085356324111891,0.7443181818181818,0.8421951997936313,3.608074665851651e-05,3.1336168364544494e-05
183,1.8305084745762712,2.0712183151348613,0.7443181818181818,0.8421951997936313,3.9654828160557265e-05,3.444026210064563e-05
184,1.8169582772543744,2.0558862818465147,0.7443181818181818,0.8421951997936313,5.574363323194008e-05,4.8413407093258665e-05
185,1.8096514745308312,2.0476186426433785,0.7443181818181818,0.8421951997936313,1.9521845554225905e-05,1.6954744447603115e-05
186,1.8036072144288575,2.0407795690206547,0.7443181818181818,0.8421951997936313,2.1841852759363588e-05,1.8969673270313345e-05
187,1.7940199335548173,2.0299315713115753,0.7443181818181818,0.8421951997936313,3.102811362762861e-05,2.694795099092233e-05
188,1.7833553500660502,2.0178646068850203,0.7443181818181818,0.8421951997936313,5.732018206423816e-05,4.9782641497174674e-05
189,1.7704918032786885,2.003309517917325,0.7443181818181818,0.8421951997936313,5.3506913017018366e-05,4.647081311363483e-05
190,1.762402088772846,1.9941560148981206,0.7443181818181818,0.8421951997936313,2.502218936572216e-05,2.1731799129181972e-05
191,1.7498379779650033,1.9799397374101884,0.7443181818181818,0.8421951997936313,1.2575589058760644e-05,1.092191300136608e-05
192,1.7430600387346675,1.9722705066648938,0.7443181818181818,0.8421951997936313,6.332801567549809e-05,5.500045163093955e-05
193,1.7994858611825193,2.036116262379077,0.7443181818181818,0.8421951997936313,1.7088038892668857e-05,1.4840980671173623e-05
194,1.7937219730941705,2.0295944293797845,0.7443181818181818,0.8421951997936313,9.86805469774286e-06,8.570416415315908e-06
195,1.7811704834605595,2.0153924327365416,0.7443181818181818,0.8421951997936313,5.612556728907509e-05,4.874511724415465e-05
196,1.7755231452124285,2.0090024757525957,0.7443181818181818,0.8421951997936313,1.7434966112921176e-05,1.5142287345532702e-05
197,1.7665615141955835,1.998862400165201,0.7443181818181818,0.8421951997936313,4.95802176728482e-05,4.306047386578711e-05
198,1.7610062893081762,1.9925766693470714,0.7443181818181818,0.8421951997936313,5.0361590971741014e-05,4.3739097439778064e-05
199,1.7521902377972465,1.9826013168096641,0.7443181818181818,0.8421951997936313,5.618790102201982e-05,4.8799254160134614e-05
200,1.7456359102244388,1.975185102407633,0.7443181818181818,0.8421951997936313,4.085315854993581e-05,3.548101336871987e-05
201,1.7369727047146404,1.965382694951516,0.7443181818181818,0.8421951997936313,2.8552371421840028e-05,2.4797766147962943e-05
202,1.727328809376928,1.9544706380393855,0.7443181818181818,0.8421951997936313,1.5604388072351762e-05,1.3552428293373062e-05
203,1.715686274509804,1.941297122709463,0.7443181818181818,0.8421951997936313,1.321460053651477e-05,1.14768951762999e-05
204,1.704199634814364,1.92830000259394,0.7443181818181818,0.8421951997936313,2.3828390340828175e-05,2.0694983356172548e-05
205,1.6979987871437234,1.9212837503103963,0.7443181818181818,0.8421951997936313,3.526775238154736e-05,3.063008193613343e-05
206,1.692865779927449,1.915475758320341,0.7443181818181818,0.8421951997936313,5.187001515784015e-05,4.504916551315027e-05
207,1.7427884615384617,1.9719632173676482,0.7443181818181818,0.8421951997936313,2.858672874013885e-05,2.4827605516891637e-05
208,1.7354877318970678,1.9637024498502496,0.7443181818181818,0.8421951997936313,2.3860017238559123e-05,2.0722451351819234e-05
209,1.7857142857142856,2.0205337399629104,0.7443181818181818,0.8421951997936313,1.5145425933345734e-05,1.3153819168208254e-05
210,1.7740981667652276,2.0073901142150734,0.7443181818181818,0.8421951997936313,1.517805178845433e-05,1.3182154759441892e-05
211,1.7647058823529411,1.996762754786876,0.7443181818181818,0.8421951997936313,1.9040234204345432e-05,1.6536464457752412e-05
212,1.7584994138335288,1.9897401425191616,0.7443181818181818,0.8421951997936313,3.0062590951035286e-05,2.6109393478799104e-05
213,1.749271137026239,1.9792983575146876,0.7443181818181818,0.8421951997936313,1.6037421525303763e-05,1.3928518326032656e-05
214,1.7391304347826086,1.967824164137791,0.7443181818181818,0.8421951997936313,4.587026871557662e-05,3.983837909460011e-05
215,1.7301038062283738,1.9576105439087024,0.7443181818181818,0.8421951997936313,3.2640338773943915e-05,2.834817031300678e-05
216,1.725129384703853,1.9519819914535306,0.7443181818181818,0.8421951997936313,8.63381220495307e-06,7.4984754457238405e-06
217,1.7142857142857144,1.9397123903643942,0.7443181818181818,0.8421951997936313,3.240448019559927e-05,2.8143326876944316e-05
218,1.7084282460136675,1.9330846714907117,0.7443181818181818,0.8421951997936313,4.2735529405154944e-05,3.7115854537666004e-05
219,1.69971671388102,1.923227582514272,0.7443181818181818,0.8421951997936313,2.7876602590200956e-05,2.4210860170540353e-05
220,1.6891891891891893,1.9113156999649155,0.7443181818181818,0.8421951997936313,4.143941328032965e-05,3.5990176250242326e-05
221,1.7347509792949074,1.962868815095474,0.7443181818181818,0.8421951997936313,4.335430468840526e-05,3.7653261555299704e-05
222,1.7289459007250418,1.9563003751118866,0.7443181818181818,0.8421951997936313,3.70421518241467e-05,3.217114981384383e-05
223,1.7212659633536922,1.9476105344673027,0.7443181818181818,0.8421951997936313,2.6128313107333444e-05,2.2692468821724754e-05
224,1.7136539524599224,1.9389975525569993,0.7443181818181818,0.8421951997936313,3.6293161494201393e-05,3.152065088418707e-05
225,1.7070484581497798,1.9315234430482449,0.7443181818181818,0.8421951997936313,2.520381521241622e-05,2.1889541377845074e-05
226,1.751505199781062,1.9818261970517437,0.7443181818181818,0.8421951997936313,3.597370468702183e-05,3.124320229395354e-05
227,1.7964071856287425,2.032632744393826,0.7443181818181818,0.8421951997936313,2.7650165324214304e-05,2.4014199154677203e-05
228,1.788617886178862,2.0238191606782974,0.7443181818181818,0.8421951997936313,5.136711661742522e-05,4.4612397574784833e-05
229,1.7780172413793105,2.011824542807898,0.7443181818181818,0.8421951997936313,1.6048275691058632e-05,1.393794518099135e-05
230,1.7732401934443849,2.006419318351133,0.7443181818181818,0.8421951997936313,3.3998441614407554e-05,2.952768413149616e-05
231,1.7647058823529411,1.996762754786876,0.7443181818181818,0.8421951997936313,3.5339319925709454e-05,3.069223842736477e-05
232,1.7543859649122806,1.985085779612684,0.7443181818181818,0.8421951997936313,3.602801021196636e-05,3.1290366702409175e-05
233,1.746031746031746,1.9756329901859568,0.7443181818181818,0.8421951997936313,9.963447110411572e-06,8.653264831186516e-06
234,1.7377567140600316,1.9662698006590094,0.7443181818181818,0.8421951997936313,5.85632777592536e-06,5.086227148268801e-06
235,1.780104712041885,2.01418651355465,0.7443181818181818,0.8421951997936313,1.2291877868557153e-05,1.0675509518997362e-05
236,1.7699115044247788,2.0026529104057165,0.7443181818181818,0.8421951997936313,4.961426950854716e-05,4.309004792274007e-05
237,1.7653167185877467,1.9974539153112054,0.7443181818181818,0.8421951997936313,5.047628278762906e-05,4.3838707408682484e-05
238,1.8125323666494049,2.0508783688903707,0.7443181818181818,0.8421951997936313,2.027103582633477e-05,1.760541702724999e-05
239,1.8566271273852504,2.1007715419108965,0.7443181818181818,0.8421951997936313,3.257130669207451e-05,2.82882158735799e-05
240,1.847101077475629,2.0899928269703585,0.7443181818181818,0.8421951997936313,4.9662908080417264e-05,4.313229057618507e-05
241,1.8887187340479832,2.1370831593686317,0.7443181818181818,0.8421951997936313,1.5594677540417156e-05,1.3543994685651691e-05
242,1.8810371123538383,2.128391412914667,0.7443181818181818,0.8421951997936313,4.302961784699626e-05,3.7371270674555474e-05
243,1.8724696356275303,2.1186973224712298,0.7443181818181818,0.8421951997936313,4.44880689282143e-05,3.8637937051087145e-05
244,1.8658598083711544,2.111218310238603,0.7443181818181818,0.8421951997936313,1.2811432264577971e-05,1.1126743086371574e-05
245,1.8583626318432949,2.102735263286364,0.7443181818181818,0.8421951997936313,3.108257060064386e-05,2.6995246932194837e-05
246,1.8518518518518516,2.0953683229244993,0.7443181818181818,0.8421951997936313,2.4039966285947448e-05,2.0878737298431397e-05
247,1.844466600199402,2.08701191884504,0.7443181818181818,0.8421951997936313,2.353269706708664e-05,2.04381734210034e-05
248,1.8858560794044668,2.1338440688045033,0.7443181818181818,0.8421951997936313,1.3002661497225748e-05,1.129282588635318e-05
249,1.881188118811881,2.1285622765549865,0.7443181818181818,0.8421951997936313,2.7410972022101725e-05,2.3806459507335345e-05
250,1.872843765401676,2.11912064989703,0.7443181818181818,0.8421951997936313,2.69616227983602e-05,2.3416199209705996e-05
251,1.9164619164619163,2.1684745395965583,0.7443181818181818,0.8421951997936313,2.127697090163749e-05,1.8479072752333113e-05
252,1.906158357771261,2.1568160743299103,0.7443181818181818,0.8421951997936313,4.881095133468771e-05,4.2392365200577885e-05
253,1.9005847953216373,2.1505095945804076,0.7443181818181818,0.8421951997936313,1.63462998112242e-05,1.4196779458856803e-05
254,1.8904507998061075,2.1390429898589414,0.7443181818181818,0.8421951997936313,3.126843235656968e-05,2.715666807270903e-05
255,1.884057971014493,2.1318095111492736,0.7443181818181818,0.8421951997936313,6.823885907362486e-06,5.926552455174311e-06
256,1.8777082330284065,2.1246247896384194,0.7443181818181818,0.8421951997936313,3.69948391799375e-05,3.21300587300383e-05
257,1.870503597122302,2.116472752076257,0.7443181818181818,0.8421951997936313,1.0594922425867398e-05,9.201701840832127e-06
258,1.9102196752626552,2.161411450581146,0.7443181818181818,0.8421951997936313,4.404848782660628e-05,3.8256160378330585e-05
259,1.9029495718363465,2.153185336592255,0.7443181818181818,0.8421951997936313,3.06812984396723e-05,2.66467416167362e-05
260,1.895734597156398,2.145021600718919,0.7443181818181818,0.8421951997936313,3.239744067070065e-05,2.8137213041786816e-05
261,1.8867924528301887,2.134903574300434,0.7443181818181818,0.8421951997936313,2.0404546687812207e-05,1.7721371358055525e-05
262,1.880582980724024,2.1278775634776297,0.7443181818181818,0.8421951997936313,3.29830059953373e-05,2.8645777173646934e-05
263,1.8709073900841908,2.1169296433661926,0.7443181818181818,0.8421951997936313,2.9570516304850425e-05,2.5682026104539604e-05
264,1.8630647414997672,2.1080556951639124,0.7443181818181818,0.8421951997936313,3.8013820935118167e-05,3.3015045511020105e-05
265,1.858736059479554,2.103157796243922,0.7443181818181818,0.8421951997936313,5.357179115643187e-06,4.652715984944607e-06
266,1.8492834026814609,2.092462125527933,0.7443181818181818,0.8421951997936313,8.088726928169964e-06,7.02506828018011e-06
267,1.8424689083371717,2.0847515327116164,0.7443181818181818,0.8421951997936313,1.2775029491322449e-05,1.109512723755149e-05
268,1.8365472910927456,2.0780512293466114,0.7443181818181818,0.8421951997936313,1.714837152410382e-05,1.4893379628279897e-05
269,1.832340815391663,2.073291606741603,0.7443181818181818,0.8421951997936313,3.6634693406644103e-05,3.181727172774834e-05
270,1.8231540565177755,2.062896799232871,0.7443181818181818,0.8421951997936313,2.830743091999896e-05,2.458503505130267e-05
271,1.8173557473875512,2.056336018862753,0.7443181818181818,0.8421951997936313,3.1446234358107434e-05,2.7311089307626154e-05
272,1.813236627379873,2.05167523912825,0.7443181818181818,0.8421951997936313,5.673098007651226e-06,4.927091891940078e-06
273,1.8050541516245489,2.0424167768578156,0.7443181818181818,0.8421951997936313,3.614954967997637e-05,3.1395923864752434e-05
274,1.8001800180018002,2.036901700052619,0.7443181818181818,0.8421951997936313,3.911589984813333e-05,3.397220226545511e-05
275,1.7913121361397222,2.026867701530192,0.7443181818181818,0.8421951997936313,3.728680590298524e-05,3.238363215180974e-05
276,1.7833259028087385,2.0178312873459294,0.7443181818181818,0.8421951997936313,1.4741268927172864e-05,1.2802808361502736e-05
277,1.7777777777777777,2.0115535900075194,0.7443181818181818,0.8421951997936313,4.3938077746684055e-05,3.816026910184646e-05
278,1.7691287041132244,2.001767172718673,0.7443181818181818,0.8421951997936313,4.694591678249441e-06,4.077258062997706e-06
279,1.759788825340959,1.9911991102142188,0.7443181818181818,0.8421951997936313,3.421966077814366e-05,2.971981321978547e-05
280,1.75054704595186,1.9807420470533563,0.7443181818181818,0.8421951997936313,2.056528228566692e-05,1.7860970402504956e-05
281,1.7467248908296942,1.9764172827584798,0.7443181818181818,0.8421951997936313,1.2438018368929213e-05,1.080243270514647e-05
282,1.74140182847192,1.9703942435859467,0.7443181818181818,0.8421951997936313,2.7206503336746577e-05,2.3628878228039572e-05
283,1.7361111111111112,1.9644078027417184,0.7443181818181818,0.8421951997936313,2.43764535409971e-05,2.117097685146932e-05
284,1.7710583153347732,2.0039505256824373,0.7443181818181818,0.8421951997936313,2.889087011408982e-05,2.5091752636433073e-05
285,1.7664799655320984,1.9987701279426293,0.7443181818181818,0.8421951997936313,4.061586547276867e-05,3.5274924068844055e-05
286,1.76268271711092,1.9944735455523828,0.7443181818181818,0.8421951997936313,1.1374186603737394e-05,9.878493640882878e-06
287,1.797945205479452,2.034373012154437,0.7443181818181818,0.8421951997936313,1.3949963417234426e-05,1.2115558651237395e-05
288,1.794105083297736,2.0300279181515446,0.7443181818181818,0.8421951997936313,1.6453259367660382e-05,1.4289673951878334e-05
289,1.788756388415673,2.0239758758061184,0.7443181818181818,0.8421951997936313,2.1902548006753404e-05,1.9022387159777326e-05
290,1.7841971112999149,2.0188170587904692,0.7443181818181818,0.8421951997936313,1.1641102494122362e-05,1.0110310386789975e-05
291,1.7766497461928936,2.0102772235163986,0.7443181818181818,0.8421951997936313,1.411594847762844e-05,1.2259716859706126e-05
292,1.770657672849916,2.00349719915378,0.7443181818181818,0.8421951997936313,6.465732278568631e-06,5.615495632584757e-06
293,1.766933108960875,1.9992828592312855,0.7443181818181818,0.8421951997936313,2.003591622837897e-05,1.7401215396472266e-05
294,1.7632241813602016,1.995086211751791,0.7443181818181818,0.8421951997936313,5.541095243151576e-06,4.812447345027133e-06
295,1.7595307917888563,1.9909071455353018,0.7443181818181818,0.8421951997936313,1.517622543909178e-05,1.3180568573001268e-05
296,1.7507294706127552,1.9809484603554668,0.7443181818181818,0.8421951997936313,2.7106645802958376e-05,2.3542151849539957e-05
297,1.7456359102244388,1.975185102407633,0.7443181818181818,0.8421951997936313,3.861751312425031e-05,3.353935284473599e-05
298,1.73841059602649,1.9670096673811113,0.7443181818181818,0.8421951997936313,2.8507030365962284e-05,2.475838739080311e-05
299,1.7312448474855728,1.958901630829664,0.7443181818181818,0.8421951997936313,5.149840177080988e-06,4.472641887565101e-06
300,1.726263871763255,1.9532656623069315,0.7443181818181818,0.8421951997936313,8.659524920161343e-06,7.520806967310738e-06
301,1.7191977077363898,1.9452703055230314,0.7443181818181818,0.8421951997936313,2.01902718580143e-05,1.7535273431469338e-05
302,1.7142857142857144,1.9397123903643942,0.7443181818181818,0.8421951997936313,1.55961412439787e-05,1.3545265913813192e-05
303,1.707317073170732,1.9318273806474657,0.7443181818181818,0.8421951997936313,2.6365950606871827e-05,2.2898857252810797e-05
304,1.7038539553752536,1.927908866690777,0.7443181818181818,0.8421951997936313,1.1268159916469086e-05,9.786409345765046e-06
305,1.699029126213592,1.9224495778287882,0.7443181818181818,0.8421951997936313,3.380223378775886e-05,2.935727741712032e-05
306,1.6935483870967745,1.9162481275777283,0.7443181818181818,0.8421951997936313,5.003054137957865e-06,4.345158050296974e-06
307,1.6901408450704225,1.9123924975423603,0.7443181818181818,0.8421951997936313,2.7076272186821065e-05,2.3515772330343e-05
308,1.6826923076923077,1.903964485734281,0.7443181818181818,0.8421951997936313,2.8900294597224627e-05,2.509993781045556e-05
309,1.675977653631285,1.8963668620880947,0.7443181818181818,0.8421951997936313,1.8523586305687487e-05,1.6087755186551338e-05
310,1.6719745222929936,1.8918373234047632,0.7443181818181818,0.8421951997936313,2.8293607145437392e-05,2.4573029087812095e-05
311,1.6660055533518443,1.8850834416472688,0.7443181818181818,0.8421951997936313,1.6224819503466097e-05,1.4091273677257739e-05
312,1.66270783847981,1.8813520809155841,0.7443181818181818,0.8421951997936313,8.749462728959688e-06,7.598918053689209e-06
313,1.6574585635359116,1.8754125321202704,0.7443181818181818,0.8421951997936313,2.889942034845007e-05,2.5099178524428267e-05
314,1.650943396226415,1.8680406275128794,0.7443181818181818,0.8421951997936313,1.350502188056802e-05,1.1729126434706016e-05
315,1.6464131713053702,1.862914683023428,0.7443181818181818,0.8421951997936313,1.8743628370917128e-05,1.6278861963486358e-05
316,1.6387046429964889,1.8541924917646377,0.7443181818181818,0.8421951997936313,3.5760181475793706e-05,3.1057757148926215e-05
317,1.6348773841961852,1.8498619526635909,0.7443181818181818,0.8421951997936313,3.7930811401060325e-05,3.294295163891381e-05
318,1.6285381930980998,1.8426891649448487,0.7443181818181818,0.8421951997936313,2.795885963262955e-05,2.428230050283468e-05
319,1.6253869969040249,1.839123589935281,0.7443181818181818,0.8421951997936313,3.285413522635468e-05,2.853385276830333e-05
320,1.6184971098265897,1.8313276903247653,0.7443181818181818,0.8421951997936313,1.245145867413039e-05,1.0814105625073571e-05
321,1.6129032258064515,1.8249982167406933,0.7443181818181818,0.8421951997936313,1.638020589353688e-05,1.4226226928832634e-05
322,1.6073478760045925,1.818712344582,0.7443181818181818,0.8421951997936313,1.619496942318702e-05,1.4065348849532493e-05
323,1.6036655211912942,1.8145457641820408,0.7443181818181818,0.8421951997936313,3.5497297332542724e-05,3.082944197986257e-05
324,1.597565614302016,1.8076437262810063,0.7443181818181818,0.8421951997936313,3.513082409154297e-05,3.0511159564873853e-05
325,1.6300227445034117,1.8443689332186082,0.7443181818181818,0.8421951997936313,1.2541851426751664e-05,1.0892611830665253e-05
326,1.6250944822373394,1.8387926099133365,0.7443181818181818,0.8421951997936313,3.670401442297288e-05,3.187747710707264e-05
327,1.618366578848325,1.8311799946671765,0.7443181818181818,0.8421951997936313,3.1385937005826775e-05,2.7258720990504396e-05
328,1.6122984626921637,1.8243139279455152,0.7443181818181818,0.8421951997936313,6.4761103233981055e-06,5.624508975993338e-06
329,1.6062756817332835,1.817499157949454,0.7443181818181818,0.8421951997936313,1.6212361332663443e-05,1.4080453742141622e-05
330,1.6026835631755498,1.8134346797728993,0.7443181818181818,0.8421951997936313,2.769589261253552e-05,2.405391335514122e-05
331,1.5973254086181277,1.807371933815263,0.7443181818181818,0.8421951997936313,2.113163189750133e-05,1.8352845666551037e-05
332,1.593182660244535,1.8026844186108515,0.7443181818181818,0.8421951997936313,1.5539610401777593e-05,1.349616881485986e-05
333,1.5896487985212568,1.7986858579780733,0.7443181818181818,0.8421951997936313,3.522691051251865e-05,3.059461072772638e-05
334,1.5849612974566898,1.7933819557061141,0.7443181818181818,0.8421951997936313,2.304065883966339e-05,2.0010837676478624e-05
335,1.6158648549394052,1.8283492968301918,0.7443181818181818,0.8421951997936313,9.628752978604485e-06,8.362582607667278e-06
336,1.611721611721612,1.8236612217101142,0.7443181818181818,0.8421951997936313,4.601319012028136e-06,3.996250649260306e-06
337,1.608187134502924,1.8196619646449603,0.7443181818181818,0.8421951997936313,1.199736193958365e-05,1.0419722109060947e-05
338,1.6034985422740524,1.814356827721797,0.7443181818181818,0.8421951997936313,1.0754223007076356e-05,9.340054571738139e-06
339,1.5988372093023258,1.8090825346179549,0.7443181818181818,0.8421951997936313,2.201058545735305e-05,1.9116217805071567e-05
340,1.593625498007968,1.8031854890505654,0.7443181818181818,0.8421951997936313,6.245816154799206e-06,5.424498235947177e-06
341,1.5878744135691087,1.7966781433665144,0.7443181818181818,0.8421951997936313,3.2915604763496564e-05,2.8587239129273053e-05
342,1.5827338129496402,1.7908615594491406,0.7443181818181818,0.8421951997936313,7.327623023471408e-06,6.364048697457128e-06
343,1.5798922800718134,1.7876463681395374,0.7443181818181818,0.8421951997936313,2.1796141850116694e-05,1.8929973295093488e-05
344,1.6105941302791698,1.8223854777045578,0.7443181818181818,0.8421951997936313,8.639649028270385e-06,7.503544733228242e-06
345,1.603706343549537,1.8145919546352585,0.7443181818181818,0.8421951997936313,2.3644716087941503e-05,2.0535462064466407e-05
346,1.6002844950213373,1.8107201368088672,0.7443181818181818,0.8421951997936313,1.6674739605931996e-05,1.4482029783690382e-05
347,1.630049610205528,1.8443993317308496,0.7443181818181818,0.8421951997936313,3.285245251811849e-05,2.8532391334339764e-05
348,1.6260162601626018,1.839835600616634,0.7443181818181818,0.8421951997936313,2.528069374485621e-05,2.1956310468267707e-05
349,1.6225749559082892,1.8359417686576567,0.7443181818181818,0.8421951997936313,1.3571107025966564e-05,1.1786521456549763e-05
350,1.618009145269082,1.8307755589674488,0.7443181818181818,0.8421951997936313,3.1601466875186567e-05,2.7445908920337675e-05
351,1.6123378899404135,1.8243585398333182,0.7443181818181818,0.8421951997936313,8.090959105905086e-06,7.0270069290110045e-06
352,1.606145251396648,1.8173515761677574,0.7443181818181818,0.8421951997936313,1.0674064445715543e-05,9.270436772571303e-06
353,1.6022291884360849,1.8129205552575607,0.7443181818181818,0.8421951997936313,1.8597117541043063e-05,1.6151617145755318e-05
354,1.5961138098542678,1.8060010111535243,0.7443181818181818,0.8421951997936313,9.790898879771788e-06,8.503406502102958e-06
355,1.591695501730104,1.8010017003960062,0.7443181818181818,0.8421951997936313,2.5075713321861465e-05,2.1778284744266154e-05
356,1.585660117200965,1.794172669474132,0.7443181818181818,0.8421951997936313,5.91979123314642e-06,5.141345231031808e-06
357,1.5823873409012728,1.7904695267094797,0.7443181818181818,0.8421951997936313,2.29918936006163e-05,1.9968485012450367e-05
358,1.577503429355281,1.784943386194944,0.7443181818181818,0.8421951997936313,1.385498267630566e-05,1.2033067772728083e-05
359,1.5715749914588315,1.7782353652697154,0.7443181818181818,0.8421951997936313,5.8664654202402634e-06,5.0950317035646845e-06
360,1.5683600409137404,1.774597652282461,0.7443181818181818,0.8421951997936313,3.6503177063597087e-06,3.1703049638404806e-06
361,1.5651582170806395,1.7709747921553103,0.7443181818181818,0.8421951997936313,1.863635103938233e-05,1.618569148244034e-05
362,1.5603799185888738,1.7655681526948634,0.7443181818181818,0.8421951997936313,6.5456411941134454e-06,5.684896614084385e-06
363,1.5540540540540542,1.7584104439677222,0.7443181818181818,0.8421951997936313,1.4376991623975918e-05,1.2486433120923636e-05
364,1.5509103169251517,1.75485330888215,0.7443181818181818,0.8421951997936313,1.2839606783861751e-05,1.115121268751987e-05
365,1.5456989247311828,1.7489566243764978,0.7443181818181818,0.8421951997936313,2.925821689935249e-05,2.5410793725579937e-05
366,1.5425888665325285,1.7454375969632654,0.7443181818181818,0.8421951997936313,1.236898985135773e-05,1.0742481361316273e-05
367,1.5734851021091396,1.780396653358681,0.7443181818181818,0.8421951997936313,5.778952755534287e-06,5.019026857511724e-06
368,1.569806279225117,1.7762340693327925,0.7443181818181818,0.8421951997936313,3.155605479742823e-05,2.7406468480596027e-05
369,1.5651015651015652,1.7709106905036232,0.7443181818181818,0.8421951997936313,2.978156399726044e-05,2.5865321258736414e-05
370,1.5604249667994687,1.7656191246953452,0.7443181818181818,0.8421951997936313,1.8383337703050037e-05,1.5965949120098945e-05
371,1.5552614162806089,1.7597765729921842,0.7443181818181818,0.8421951997936313,3.945749373768086e-06,3.4268876936200437e-06
372,1.551155115511551,1.7551302982120065,0.7443181818181818,0.8421951997936313,8.562600228420706e-06,7.436627765372042e-06
373,1.546561368871339,1.7499324789675486,0.7443181818181818,0.8421951997936313,2.9239319627389344e-05,2.539438142398673e-05
374,1.5440210249671484,1.7470580826486137,0.7443181818181818,0.8421951997936313,3.635059732992345e-06,3.157053397101393e-06
375,1.5399737876802095,1.7424786381331518,0.7443181818181818,0.8421951997936313,8.782666765647108e-06,7.627755796263306e-06
376,1.5364498202026806,1.7384912728284996,0.7443181818181818,0.8421951997936313,1.1870467830857084e-05,1.0309514435335162e-05
377,1.564537157757497,1.7702720642178305,0.7443181818181818,0.8421951997936313,4.38280783801022e-06,3.806473453035253e-06
378,1.5599610009749756,1.7650941478779016,0.7443181818181818,0.8421951997936313,2.1984291330716348e-05,1.909338132701626e-05
379,1.589876703439325,1.798943732140891,0.7443181818181818,0.8421951997936313,1.70617515837875e-05,1.481815011434637e-05
380,1.617076326002587,1.8297200749987543,0.7443181818181818,0.8421951997936313,1.509215768220626e-05,1.3107555633199136e-05
381,1.6123831022250887,1.8244096974834407,0.7443181818181818,0.8421951997936313,1.0033748991839176e-05,8.714322092933611e-06
382,1.6419832582099163,1.8579022412537258,0.7443181818181818,0.8421951997936313,1.2436126882487557e-05,1.0800789947080623e-05
383,1.637239165329053,1.8525343054041965,0.7443181818181818,0.8421951997936313,2.906655518546168e-05,2.5244335315160598e-05
384,1.6314779270633395,1.8460154706762864,0.7443181818181818,0.8421951997936313,2.8945853741936892e-05,2.5139505978009295e-05
385,1.6257570927637872,1.8395423529914163,0.7443181818181818,0.8421951997936313,1.6922790624848188e-05,1.4697462367869454e-05
386,1.6195617656398855,1.8325323472004038,0.7443181818181818,0.8421951997936313,1.7029823140125142e-05,1.4790420225724861e-05
387,1.6144349477682811,1.8267313584469997,0.7443181818181818,0.8421951997936313,8.589658075296169e-06,7.460127535299099e-06
388,1.61035680454689,1.8221169439008755,0.7443181818181818,0.8421951997936313,1.9236411068864857e-05,1.6706844281484747e-05
389,1.6073116924046644,1.8186714028786866,0.7443181818181818,0.8421951997936313,2.3114560609614418e-05,2.0075021445388424e-05
390,1.6027655562539285,1.8135274548504314,0.7443181818181818,0.8421951997936313,2.255300857545347e-05,1.958731288285605e-05
391,1.6300940438871474,1.844449608392475,0.7443181818181818,0.8421951997936313,1.4809697530291246e-05,1.2862238678967136e-05
392,1.6239850093691444,1.8375372425896301,0.7443181818181818,0.8421951997936313,2.6281808517641077e-05,2.282577975528465e-05
393,1.61892901618929,1.831816391896636,0.7443181818181818,0.8421951997936313,1.3276610274418202e-05,1.1530750702228284e-05
394,1.6154085119602362,1.827832945253804,0.7443181818181818,0.8421951997936313,2.728871531492532e-05,2.3700279421983083e-05
395,1.6129032258064515,1.8249982167406933,0.7443181818181818,0.8421951997936313,2.149085711029139e-05,1.866483316102606e-05
396,1.608910891089109,1.8204808944220283,0.7443181818181818,0.8421951997936313,2.9874191021246227e-05,2.594576793147843e-05
397,1.605433775856746,1.8165465423809806,0.7443181818181818,0.8421951997936313,4.549688324445712e-06,3.95140934001101e-06
398,1.6029593094944512,1.8137466864278653,0.7443181818181818,0.8421951997936313,2.409393874988449e-05,2.0925612443033794e-05
399,1.600492459218221,1.8109554480677117,0.7443181818181818,0.8421951997936313,5.62191118974639e-06,4.882636083996519e-06
400,1.5980331899200986,1.8081727875759053,0.7443181818181818,0.8421951997936313,2.257298332490877e-05,1.9604660974842473e-05
