Policy,Iteration,Cache Hit Ratio,Latency,Hop Reduction
LRU,1,0.0,0.00642874867295481,0.84375
LRU,2,0.0,0.004236075463862795,0.84375
LRU,3,0.0,0.002905133448670819,0.8020833333333334
LRU,4,0.0,0.002200064998937762,0.7578125
LRU,5,0.0,0.0014012453101096248,0.75
LRU,6,0.0,0.0017901088930130917,0.7604166666666666
LRU,7,0.0,0.0007633397883355366,0.7723214285714286
LRU,8,0.0,0.00023010678859214395,0.7723214285714286
LRU,9,0.0,0.00036647029726924804,0.7578125
LRU,10,0.0,0.0006422613248468675,0.7578125
LRU,11,0.0,0.00067360087500239,0.7578125
LRU,12,1.2048192771084338,0.0009412904974935968,0.7578125
LRU,13,1.0638297872340425,0.0005019360454789254,0.7465277777777778
LRU,14,0.9523809523809524,0.0006242553458261767,0.7465277777777778
LRU,15,0.9090909090909091,0.0006703672668927064,0.7465277777777778
LFU,1,0.0,0.006390430977093265,0.71875
LFU,2,0.0,0.003188065051725493,0.71875
LFU,3,0.0,0.003144510443490667,0.7291666666666666
LFU,4,0.0,0.0020631827117641647,0.7291666666666666
LFU,5,0.0,0.00116442345975864,0.7291666666666666
LFU,6,0.0,0.0008043480091493477,0.7421875
LFU,7,0.0,0.0007751236927572913,0.725
LFU,8,0.0,0.0011886955246409021,0.7083333333333334
LFU,9,0.0,0.0010631884057989169,0.7083333333333334
LFU,10,0.0,0.00017054469219477216,0.7083333333333334
LFU,11,0.0,0.0009088099229682159,0.7083333333333334
LFU,12,0.0,0.00023857087024543972,0.7083333333333334
LFU,13,0.0,0.0005428766723236998,0.7276785714285714
LFU,14,0.0,0.0006967856378977101,0.7421875
LFU,15,0.0,0.0003169741223690178,0.7361111111111112
FIFO,1,0.0,0.001768796261910087,0.8125
FIFO,2,0.0,0.0019035448316965977,0.8125
FIFO,3,0.0,0.0013405231742090722,0.828125
FIFO,4,0.0,0.00039956712150963144,0.7916666666666666
FIFO,5,0.0,0.002634293826092382,0.78125
FIFO,6,0.0,0.002225027566611149,0.79375
FIFO,7,0.0,0.00027472834403335027,0.7916666666666666
FIFO,8,0.0,0.0005248613800521004,0.7916666666666666
FIFO,9,0.0,0.00025993243402573207,0.7916666666666666
FIFO,10,0.0,0.001208278466151694,0.7946428571428571
FIFO,11,0.0,0.001192221616386627,0.7946428571428571
FIFO,12,0.0,0.000762685291109602,0.79296875
FIFO,13,0.0,0.0008254301855233652,0.79296875
FIFO,14,0.0,0.0005570870927305864,0.79296875
FIFO,15,0.0,0.00048378095994487246,0.7881944444444444
MRU,1,0.0,0.008674307836421582,0.65625
MRU,2,0.0,0.0024362307707383357,0.6875
MRU,3,0.0,0.002364674602135239,0.6875
MRU,4,0.0,0.0012963756747996693,0.71875
MRU,5,0.0,0.0009168498950603773,0.70625
MRU,6,0.0,0.001118351044501096,0.7291666666666666
MRU,7,0.0,0.0002841893447377875,0.7410714285714286
MRU,8,0.0,0.000576423938358202,0.7265625
MRU,9,0.0,0.001133618095718017,0.7265625
MRU,10,0.0,0.0005972782060391986,0.7256944444444444
MRU,11,0.0,0.0005238710447565668,0.7256944444444444
MRU,12,0.0,0.0009058227597069554,0.73125
MRU,13,0.0,0.00014793664767631857,0.73125
MRU,14,0.0,0.00018092782560483135,0.73125
MRU,15,0.0,0.00043143601299645986,0.73125
FACR,1,0.0,0.004701302343795241,0.75
FACR,2,0.0,0.0028914084597282614,0.734375
FACR,3,0.0,0.0010702452394440879,0.7604166666666666
FACR,4,0.0,0.0032850736329194277,0.78125
FACR,5,0.0,0.0014263042194254947,0.7875
FACR,6,0.0,0.0004359871480678583,0.765625
FACR,7,0.0,0.0018157808531414229,0.765625
FACR,8,0.0,0.00032445249442453417,0.7589285714285714
FACR,9,0.0,0.000330649028101879,0.74609375
FACR,10,0.0,0.0004732263914107339,0.7569444444444444
FACR,11,0.0,0.0007316261232839697,0.75
FACR,12,1.0752688172043012,0.0010165854206235856,0.7528409090909091
FACR,13,1.0101010101010102,0.0006321803879274326,0.7578125
FACR,14,0.9090909090909091,0.000836935917353162,0.75
FACR,15,0.8264462809917356,0.0004923232133843024,0.75
Rdm,1,0.0,0.006151315669667422,0.65625
Rdm,2,0.0,0.002625734587108742,0.71875
Rdm,3,0.0,0.0010607075261234288,0.7083333333333334
Rdm,4,0.0,0.0011725285260138069,0.7421875
Rdm,5,0.0,0.00036595238360061114,0.725
Rdm,6,0.0,0.0014662375831039315,0.7291666666666666
Rdm,7,0.0,0.0004715976470048064,0.7291666666666666
Rdm,8,0.0,0.0014319645932400137,0.7321428571428571
Rdm,9,0.0,0.0005245591789083275,0.73828125
Rdm,10,0.0,0.0007237235347521203,0.73828125
Rdm,11,0.0,0.0007416124869788916,0.73828125
Rdm,12,0.9900990099009901,0.0003262646024296028,0.73828125
Rdm,13,0.9259259259259258,0.0005860380504041827,0.7430555555555556
Rdm,14,1.7699115044247788,0.0008409829534805155,0.753125
Rdm,15,1.694915254237288,0.0007137322909205709,0.753125
RandomForest,1,0.0,0.011410557409214456,0.8125
RandomForest,2,0.0,0.003021745985638956,0.828125
RandomForest,3,0.0,0.004664409705539249,0.8020833333333334
RandomForest,4,0.0,0.0029598907149492953,0.8020833333333334
RandomForest,5,0.0,0.0018242087019464408,0.78125
RandomForest,6,0.0,0.001965978410085984,0.75
RandomForest,7,0.0,0.0018686453068265743,0.75
RandomForest,8,0.0,0.0002684758408342459,0.7366071428571429
RandomForest,9,0.0,0.0007764046435183215,0.7421875
RandomForest,10,0.0,0.0005723085288865644,0.7534722222222222
RandomForest,11,0.0,0.00032405993473336956,0.7534722222222222
RandomForest,12,0.0,0.0005535814791673331,0.75
RandomForest,13,0.0,0.0001386369200096157,0.75
RandomForest,14,0.0,0.0008634960128291066,0.75
RandomForest,15,0.0,0.0001345384139120618,0.7414772727272727
