Name,ID,Requester
cat_image44.jpg,,Subscriber11
dog_image11.jpg,,Subscriber9
cat_image3.jpg,,Subscriber11
dog_image17.jpg,,Subscriber2
dog_image3.jpg,,Subscriber10
cat_image29.jpg,,Subscriber8
cat_image20.jpg,,Subscriber11
cat_image45.jpg,,Subscriber9
dog_image35.jpg,,Subscriber11
cat_image32.jpg,,Subscriber1
dog_image25.jpg,,Subscriber12
dog_image7.jpg,,Subscriber12
cat_image6.jpg,,Subscriber3
cat_image25.jpg,,Subscriber10
cat_image24.jpg,,Subscriber2
cat_image9.jpg,,Subscriber8
dog_image34.jpg,,Subscriber11
cat_image13.jpg,,Subscriber6
cat_image37.jpg,,Subscriber10
cat_image35.jpg,,Subscriber3
cat_image48.jpg,,Subscriber6
dog_image46.jpg,,Subscriber10
dog_image21.jpg,,Subscriber10
cat_image41.jpg,,Subscriber1
dog_image10.jpg,,Subscriber12
dog_image13.jpg,,Subscriber9
cat_image47.jpg,,Subscriber11
cat_image7.jpg,,Subscriber1
dog_image50.jpg,,Subscriber1
dog_image24.jpg,,Subscriber3
dog_image15.jpg,,Subscriber5
cat_image33.jpg,,Subscriber10
dog_image29.jpg,,Subscriber3
dog_image36.jpg,,Subscriber8
cat_image42.jpg,,Subscriber6
dog_image27.jpg,,Subscriber2
cat_image50.jpg,,Subscriber9
cat_image22.jpg,,Subscriber9
cat_image36.jpg,,Subscriber1
dog_image49.jpg,,Subscriber8
cat_image30.jpg,,Subscriber3
cat_image39.jpg,,Subscriber12
dog_image39.jpg,,Subscriber6
