episode,iteration,reward,loss,done
1,1,-0.21196368838438315,0.0,False
1,2,-0.25,0.0,False
1,3,-0.25,0.0,False
1,4,-0.12498558789216724,0.0,False
1,5,-0.0963767013952745,0.0,False
1,6,-0.153178208523466,0.0,False
1,7,-0.25,0.0,False
1,8,0.0,0.0,False
1,9,-0.02600805806083244,0.0,False
1,10,-0.05858967672637811,0.0,False
1,11,-0.05858967672637811,0.0,False
1,12,-0.09355814894139045,0.0,False
1,13,-0.0963767013952745,0.0,False
1,14,-0.09355814894139045,0.0,False
1,15,-0.153178208523466,0.0,False
1,16,-0.05858967672637811,0.0,False
1,17,0.0,0.0,False
1,18,0.0,0.0,False
1,19,-0.0963767013952745,0.0,False
1,20,-0.0963767013952745,0.0,False
1,21,-0.21196368838438315,0.0,False
1,22,-0.153178208523466,0.0,False
1,23,-0.02600805806083244,0.0,False
1,24,-0.25,0.0,False
1,25,-0.05858967672637811,0.0,False
1,26,-0.12498558789216724,0.0,False
1,27,-0.12498558789216724,0.0,False
1,28,0.0,0.0,False
1,29,-0.09355814894139045,0.0,False
1,30,-0.02600805806083244,0.0,False
1,31,-0.02600805806083244,0.0,False
1,32,-0.0963767013952745,0.0,False
1,33,-0.09355814894139045,0.0,False
1,34,-0.02600805806083244,0.0,False
1,35,-0.25,0.0,False
1,36,-0.09355814894139045,0.0,False
1,37,-0.18599078063948307,0.0,False
1,38,-0.21196368838438315,0.0,False
1,39,-0.0963767013952745,0.0,False
1,40,0.0,0.0,False
1,41,-0.09355814894139045,0.0,False
1,42,-0.02600805806083244,0.0,False
1,43,-0.0963767013952745,0.0,False
1,44,-0.25,0.0,False
1,45,-0.09355814894139045,0.0,False
1,46,-0.18599078063948307,0.0,False
1,47,-0.09355814894139045,0.0,False
1,48,-0.18599078063948307,0.0,False
1,49,-0.0963767013952745,0.0,False
1,50,-0.02600805806083244,0.0,False
1,51,-0.18599078063948307,0.0,False
1,52,-0.25,0.0,False
1,53,-0.05858967672637811,0.0,False
1,54,-0.18599078063948307,0.0,False
1,55,-0.25,0.0,False
1,56,-0.25,0.0,False
1,57,-0.12498558789216724,0.0,False
1,58,-0.0963767013952745,0.0,False
1,59,-0.153178208523466,0.0,False
1,60,-0.05858967672637811,0.0,False
1,61,-0.12498558789216724,0.0,False
1,62,-0.25,0.0,False
1,63,-0.12498558789216724,0.0,False
1,64,-0.02600805806083244,0.010784460231661797,False
1,65,-0.18599078063948307,0.008231602609157562,False
1,66,-0.0963767013952745,0.005723320413380861,False
1,67,-0.05858967672637811,0.00419314531609416,False
1,68,0.0,0.0028731392230838537,False
1,69,-0.09355814894139045,0.001984847942367196,False
1,70,-0.18599078063948307,0.001029866747558117,False
1,71,-0.02600805806083244,0.000762680487241596,False
1,72,-0.25,0.0005120728746987879,False
1,73,-0.25,0.0003325423749629408,False
1,74,-0.0963767013952745,0.00043457711581140757,False
1,75,-0.21196368838438315,0.0005341245559975505,False
1,76,-0.0963767013952745,0.0005411358433775604,False
1,77,-0.05858967672637811,0.0005831547314301133,False
1,78,0.0,0.0005202419124543667,False
1,79,-0.18599078063948307,0.00047267929767258465,False
1,80,0.0,0.0003792177012655884,False
1,81,-0.12498558789216724,0.0002640622260514647,False
1,82,0.0,0.00017733403365127742,False
1,83,-0.25,0.0001536931813461706,False
1,84,-0.05858967672637811,0.00012379356485325843,False
1,85,0.0,0.00010046464740298688,False
1,86,0.0,0.00010382656910223886,False
1,87,-0.21196368838438315,0.00014848526916466653,False
1,88,-0.18599078063948307,0.00015111215179786086,False
1,89,-0.0963767013952745,0.00015984781202860177,False
1,90,-0.21196368838438315,0.00016894025611691177,False
1,91,-0.21196368838438315,0.00014730726252309978,False
1,92,-0.02600805806083244,0.0001407350500812754,False
1,93,-0.02600805806083244,0.00010625620780047029,False
1,94,-0.09355814894139045,7.952855958137661e-05,False
1,95,-0.0963767013952745,6.328257586574182e-05,False
1,96,-0.18599078063948307,4.862325295107439e-05,False
1,97,-0.02600805806083244,3.135545557597652e-05,False
1,98,0.0,2.8321766876615584e-05,False
1,99,-0.12498558789216724,2.9946662834845483e-05,False
1,100,-0.09355814894139045,0.00011324047954985872,True
2,1,-0.153178208523466,4.103160244994797e-05,False
2,2,-0.05858967672637811,0.0001233579241670668,False
2,3,-0.21196368838438315,0.00011632976384134963,False
2,4,-0.12498558789216724,0.00011513999925227836,False
2,5,-0.09355814894139045,0.00011549679766176268,False
2,6,-0.05858967672637811,4.022766734124161e-05,False
2,7,-0.18599078063948307,4.2206953366985545e-05,False
2,8,0.0,2.6501191314309835e-05,False
2,9,0.0,8.535088272765279e-05,False
2,10,0.0,8.547774632461369e-05,False
2,11,-0.25,1.2279058864805847e-05,False
2,12,-0.18599078063948307,1.0671330528566614e-05,False
2,13,0.0,8.384448301512748e-05,False
2,14,0.0,8.78437131177634e-05,False
2,15,-0.25,8.525844168616459e-05,False
2,16,-0.09355814894139045,8.608458301750943e-05,False
2,17,-0.18599078063948307,1.7054871932487004e-05,False
2,18,-0.0963767013952745,8.417430217377841e-05,False
2,19,-0.25,1.0703239240683615e-05,False
2,20,-0.18599078063948307,7.99636181909591e-05,False
2,21,-0.21196368838438315,7.917064795037732e-05,False
2,22,-0.12498558789216724,7.955144246807322e-05,False
2,23,-0.05858967672637811,1.5666224499000236e-05,False
2,24,-0.18599078063948307,1.895349305414129e-05,False
2,25,0.0,1.3269058399600908e-05,False
2,26,0.0,8.023257396416739e-05,False
2,27,-0.18599078063948307,6.495116394944489e-06,False
2,28,-0.05858967672637811,4.987887223251164e-06,False
2,29,-0.18599078063948307,2.749509576460696e-06,False
2,30,0.0,1.5592329418723239e-06,False
2,31,-0.09355814894139045,9.164306538878009e-05,False
2,32,-0.153178208523466,9.103534830501303e-05,False
2,33,-0.153178208523466,8.763966616243124e-05,False
2,34,0.0,8.298778266180307e-05,False
2,35,-0.0963767013952745,3.744780315173557e-06,False
2,36,0.0,8.030565368244424e-06,False
2,37,0.0,8.705337677383795e-06,False
2,38,-0.18599078063948307,7.52256964915432e-05,False
2,39,0.0,7.502600783482194e-05,False
2,40,-0.09355814894139045,8.980559869087301e-06,False
2,41,-0.153178208523466,7.826358341844752e-05,False
2,42,0.0,1.0457290045451373e-05,False
2,43,0.0,4.2098799895029515e-06,False
2,44,-0.21196368838438315,4.665474989451468e-06,False
2,45,-0.09355814894139045,2.3510792743763886e-06,False
2,46,-0.12498558789216724,8.141349098877981e-05,False
2,47,-0.05858967672637811,8.358753257198259e-05,False
2,48,-0.09355814894139045,8.380233339266852e-05,False
2,49,0.0,7.554274930043903e-07,False
2,50,-0.0963767013952745,1.302289547311375e-06,False
2,51,-0.21196368838438315,8.000525849638507e-05,False
2,52,0.0,2.921951363532571e-06,False
2,53,0.0,7.826583896530792e-05,False
2,54,0.0,3.141839897580212e-06,False
2,55,0.0,7.35393405193463e-05,False
2,56,-0.18599078063948307,4.785409146279562e-06,False
2,57,-0.0963767013952745,7.155215371312806e-06,False
2,58,0.0,5.491262527357321e-06,False
2,59,-0.02600805806083244,7.575644121970981e-05,False
2,60,0.0,7.670697959838435e-05,False
2,61,0.0,3.397406544536352e-06,False
2,62,0.0,2.4662301711941836e-06,False
2,63,0.0,1.1510551303217653e-06,False
2,64,0.0,7.994814950507134e-05,False
2,65,0.0,1.04475316220487e-06,False
2,66,0.0,8.057492232182994e-05,False
2,67,-0.09355814894139045,7.719256132077135e-07,False
2,68,-0.21196368838438315,7.891011773608625e-05,False
2,69,0.0,7.690211350563914e-05,False
2,70,0.0,5.075762146589113e-06,False
2,71,0.0,3.929887043341296e-06,False
2,72,-0.0963767013952745,4.648709364118986e-06,False
2,73,0.0,3.267453166699852e-06,False
2,74,0.0,3.886291324306512e-06,False
2,75,-0.21196368838438315,7.864669169066474e-05,False
2,76,0.0,7.994194311322644e-05,False
2,77,-0.153178208523466,7.969391299411654e-05,False
2,78,0.0,1.179082460112113e-06,False
2,79,0.0,2.0179968487354927e-06,False
2,80,-0.153178208523466,2.221177965111565e-06,False
2,81,0.0,1.1289035910522216e-06,False
2,82,0.0,4.778689230988675e-07,False
2,83,0.0,2.830594496572303e-07,False
2,84,0.0,3.449665086918685e-08,False
2,85,-0.09355814894139045,8.594639803050086e-05,False
2,86,0.0,8.4931671153754e-05,False
2,87,0.0,1.8929276279777696e-07,False
2,88,0.0,7.184133892224054e-07,False
2,89,0.0,1.116352677854593e-06,False
2,90,0.0,1.4303220723377308e-06,False
2,91,0.0,1.21197638236481e-06,False
2,92,-0.02600805806083244,1.4437032405112404e-06,False
2,93,0.0,6.928025868546683e-07,False
2,94,-0.18599078063948307,2.2247172637435142e-07,False
2,95,0.0,8.133243682095781e-05,False
2,96,-0.153178208523466,8.079893450485542e-05,False
2,97,0.0,8.664210326969624e-07,False
2,98,0.0,1.2330668823778979e-06,False
2,99,0.0,1.2568470992846414e-06,False
2,100,-0.0963767013952745,7.560473750345409e-05,True
3,1,-0.05858967672637811,0.00015752343460917473,False
3,2,0.0,6.396709068212658e-06,False
3,3,-0.02600805806083244,7.361322786891833e-05,False
3,4,-0.25,0.00014918000670149922,False
3,5,0.0,0.00014889119483996183,False
3,6,0.0,2.0066083379788324e-05,False
3,7,0.0,2.108035005221609e-05,False
3,8,0.0,8.317808533320203e-05,False
3,9,-0.09355814894139045,7.985541014932096e-05,False
3,10,0.0,7.66486264183186e-05,False
3,11,0.0,7.248486508615315e-05,False
3,12,0.0,4.642188287107274e-06,False
3,13,0.0,0.00010554344771662727,False
3,14,0.0,6.571093308593845e-06,False
3,15,-0.0963767013952745,9.652000881033018e-05,False
3,16,-0.02600805806083244,9.06369459698908e-05,False
3,17,-0.02600805806083244,8.087890455499291e-05,False
3,18,0.0,1.5949988210195443e-06,False
3,19,-0.02600805806083244,7.202114375104429e-06,False
3,20,0.0,5.612164386548102e-06,False
3,21,0.0,9.660031355451792e-05,False
3,22,-0.05858967672637811,8.11905920272693e-06,False
3,23,-0.18599078063948307,2.3974648684088606e-06,False
3,24,0.0,7.919542258605361e-05,False
3,25,0.0,8.220678864745423e-05,False
3,26,0.0,8.060926484176889e-05,False
3,27,0.0,7.808167720213532e-05,False
3,28,0.0,2.0006357317470247e-06,False
3,29,0.0,7.337572606047615e-05,False
3,30,0.0,4.449782863957807e-06,False
3,31,0.0,7.639014074811712e-05,False
3,32,-0.02600805806083244,9.020075958687812e-05,False
3,33,-0.12498558789216724,6.448017757065827e-06,False
3,34,0.0,6.995936564635485e-05,False
3,35,-0.0963767013952745,8.248929952969775e-05,False
3,36,0.0,7.140419711504364e-06,False
3,37,0.0,5.784833319921745e-06,False
3,38,0.0,7.583443220937625e-05,False
3,39,-0.21196368838438315,8.236315807153005e-06,False
3,40,0.0,8.703482308192179e-06,False
3,41,0.0,7.176682265708223e-05,False
3,42,0.0,9.471154771745205e-05,False
3,43,-0.25,2.255111212434713e-06,False
3,44,-0.18599078063948307,2.013638550124597e-06,False
3,45,-0.05858967672637811,3.912863064670091e-07,False
3,46,0.0,1.463064336348907e-07,False
3,47,0.0,0.00017487077275291085,False
3,48,0.0,5.035650474383147e-07,False
3,49,0.0,1.3968289067634032e-06,False
3,50,0.0,2.767778823908884e-06,False
3,51,-0.0963767013952745,2.6038123905891553e-06,False
3,52,-0.18599078063948307,1.320897808909649e-06,False
3,53,-0.25,7.685636228416115e-05,False
3,54,0.0,1.733958015393e-06,False
3,55,-0.153178208523466,7.637329690624028e-05,False
3,56,0.0,7.423679926432669e-05,False
3,57,-0.09355814894139045,7.378556620096788e-05,False
3,58,-0.09355814894139045,7.105414988473058e-05,False
3,59,-0.05858967672637811,9.169010445475578e-05,False
3,60,0.0,1.995533602894284e-05,False
3,61,0.0,9.019494609674439e-05,False
3,62,0.0,8.251306280726567e-05,False
3,63,0.0,1.0173069313168526e-05,False
3,64,-0.12498558789216724,7.091979205142707e-05,False
3,65,0.0,1.0706713510444388e-05,False
3,66,-0.153178208523466,1.5025044376670849e-05,False
3,67,-0.18599078063948307,1.0169811503146775e-05,False
3,68,-0.05858967672637811,1.4045268471818417e-05,False
3,69,0.0,7.298748096218333e-05,False
3,70,0.0,5.915198016737122e-06,False
3,71,0.0,7.773029210511595e-05,False
3,72,0.0,4.355371856945567e-06,False
3,73,0.0,3.5690961794898612e-06,False
3,74,0.0,1.5614413086950663e-06,False
3,75,0.0,9.062157187145203e-05,False
3,76,-0.0963767013952745,4.555390091809386e-07,False
3,77,-0.18599078063948307,9.081403550226241e-05,False
3,78,0.0,2.884182322304696e-06,False
3,79,-0.18599078063948307,4.1474813770037144e-06,False
3,80,-0.12498558789216724,4.791907031176379e-06,False
3,81,-0.12498558789216724,4.174845798843307e-06,False
3,82,0.0,4.534507752396166e-06,False
3,83,0.0,2.3974180294317193e-06,False
3,84,0.0,2.741189973676228e-06,False
3,85,0.0,7.614124479005113e-05,False
3,86,0.0,1.6096378203656059e-06,False
3,87,-0.12498558789216724,3.0729952413821593e-06,False
3,88,-0.02600805806083244,2.421922317807912e-06,False
3,89,0.0,1.5984377341737854e-06,False
3,90,0.0,9.230089199263602e-05,False
3,91,0.0,8.254117460637644e-07,False
3,92,-0.0963767013952745,8.493492350680754e-05,False
3,93,0.0,7.92849314166233e-05,False
3,94,0.0,2.447259930704604e-06,False
3,95,0.0,7.645925506949425e-06,False
3,96,0.0,7.715911124250852e-06,False
3,97,0.0,9.815781231736764e-05,False
3,98,0.0,7.420255315082613e-06,False
3,99,0.0,6.623970875807572e-06,False
3,100,0.0,8.119971607811749e-05,True
4,1,-0.12498558789216724,3.545675554050831e-06,False
4,2,-0.25,8.570628415327519e-05,False
4,3,0.0,2.219622047050507e-06,False
4,4,0.0,3.4483086892578285e-06,False
4,5,-0.25,8.528087346348912e-05,False
4,6,0.0,3.3471978895249777e-06,False
4,7,-0.12498558789216724,3.86050714951125e-06,False
4,8,-0.25,7.495716272387654e-05,False
4,9,0.0,8.880921814125031e-05,False
4,10,0.0,2.639510739754769e-06,False
4,11,-0.12498558789216724,8.309674512929632e-07,False
4,12,0.0,8.13346923678182e-05,False
4,13,-0.21196368838438315,8.158224227372557e-05,False
4,14,-0.18599078063948307,8.21330031612888e-05,False
4,15,0.0,8.291875565191731e-05,False
4,16,0.0,7.166044088080525e-05,False
4,17,-0.02600805806083244,7.235360499180388e-06,False
4,18,-0.25,0.00015423636068589985,False
4,19,0.0,9.22224444366293e-06,False
4,20,0.0,6.792014573875349e-06,False
4,21,0.0,5.187474926060531e-06,False
4,22,0.0,3.9105466385080945e-06,False
4,23,0.0,4.474778506846633e-06,False
4,24,0.0,3.2615496365906438e-06,False
4,25,-0.09355814894139045,1.8272635315952357e-06,False
4,26,-0.25,1.3199532986618578e-06,False
4,27,0.0,5.266795142233605e-07,False
4,28,0.0,4.29182108518944e-07,False
4,29,0.0,1.2390199799483526e-06,False
4,30,0.0,0.0001711262302706018,False
4,31,0.0,9.055865666596219e-05,False
4,32,0.0,1.6465404542032047e-06,False
4,33,0.0,5.186146267988079e-07,False
4,34,0.0,2.2984822862781584e-06,False
4,35,0.0,3.835954430542188e-06,False
4,36,0.0,0.00015875601093284786,False
4,37,0.0,8.567461918573827e-05,False
4,38,-0.09355814894139045,5.493428943736944e-06,False
4,39,0.0,7.381781324511394e-05,False
4,40,-0.21196368838438315,6.6541488195071e-06,False
4,41,0.0,1.0194580681854859e-05,False
4,42,0.0,9.668467100709677e-06,False
4,43,0.0,5.14834846399026e-06,False
4,44,0.0,5.228757345321355e-06,False
4,45,0.0,3.5119646781822667e-06,False
4,46,0.0,8.270437683677301e-05,False
4,47,0.0,3.603580012168095e-07,False
4,48,0.0,0.00016626637079752982,False
4,49,-0.12498558789216724,2.491378154445556e-06,False
4,50,0.0,7.518546772189438e-05,False
4,51,0.0,4.7320336307166144e-06,False
4,52,0.0,6.3934717218216974e-06,False
4,53,-0.05858967672637811,0.00014972002827562392,False
4,54,0.0,8.695761789567769e-05,False
4,55,0.0,4.185658326605335e-06,False
4,56,0.0,4.516577064350713e-06,False
4,57,-0.02600805806083244,3.306191729279817e-06,False
4,58,0.0,2.176308271373273e-06,False
4,59,0.0,8.169125067070127e-05,False
4,60,-0.153178208523466,0.0001621162664378062,False
4,61,0.0,7.73958454374224e-05,False
4,62,0.0,8.7199397967197e-05,False
4,63,0.0,1.5669906133553013e-05,False
4,64,0.0,1.0666581147233956e-05,False
4,65,0.0,9.892325033433735e-05,False
4,66,0.0,5.3080302677699365e-06,False
4,67,0.0,6.518029840663075e-05,False
4,68,0.0,7.882626050559338e-06,False
4,69,-0.21196368838438315,7.657727837795392e-05,False
4,70,-0.05858967672637811,2.852139004971832e-06,False
4,71,0.0,7.252245268318802e-06,False
4,72,0.0,7.833281415514648e-06,False
4,73,-0.12498558789216724,8.298419561469927e-05,False
4,74,0.0,6.647878763033077e-06,False
4,75,0.0,4.764930508827092e-06,False
4,76,0.0,0.0001446340756956488,False
4,77,0.0,0.0001455844467272982,False
4,78,0.0,7.83698633313179e-05,False
4,79,0.0,0.00014402512169908732,False
4,80,0.0,5.3811031648365315e-06,False
4,81,0.0,7.194631325546652e-05,False
4,82,0.0,8.167335181497037e-05,False
4,83,0.0,8.232719847001135e-05,False
4,84,0.0,1.0693946933315601e-05,False
4,85,-0.25,8.001686364877969e-05,False
4,86,0.0,4.860934495809488e-06,False
4,87,0.0,1.2692748896370176e-06,False
4,88,-0.12498558789216724,8.327723480761051e-05,False
4,89,0.0,4.951941718900343e-07,False
4,90,0.0,7.605982682434842e-05,False
4,91,0.0,8.952191274147481e-05,False
4,92,0.0,5.672812221746426e-06,False
4,93,0.0,1.5740033632027917e-06,False
4,94,0.0,2.859627102225204e-06,False
4,95,0.0,4.597737188305473e-06,False
4,96,-0.21196368838438315,0.00016224951832555234,False
4,97,0.0,3.578762743927655e-06,False
4,98,0.0,9.639224117563572e-06,False
4,99,0.0,4.5938295443193056e-06,False
4,100,0.0,0.00015652507136110216,True
5,1,0.0,8.633304969407618e-05,False
5,2,0.0,2.083168737954111e-06,False
5,3,0.0,7.281719445018098e-05,False
5,4,-0.153178208523466,5.26394069311209e-06,False
5,5,0.0,6.920271698618308e-05,False
5,6,-0.18599078063948307,8.273943967651576e-05,False
5,7,0.0,2.5300746528955642e-06,False
5,8,0.0,3.1897918688628124e-06,False
5,9,0.0,2.1867008399567567e-06,False
5,10,0.0,7.654960063518956e-05,False
5,11,0.0,1.5005971363279969e-06,False
5,12,0.0,1.259999976355175e-06,False
5,13,0.0,7.063886732794344e-05,False
5,14,0.0,0.0001496975019108504,False
5,15,0.0,0.0001448707771487534,False
5,16,0.0,7.932102744234726e-05,False
5,17,0.0,0.00010194623610004783,False
5,18,0.0,8.955719385994598e-05,False
5,19,0.0,8.393572352360934e-05,False
5,20,-0.02600805806083244,7.186393486335874e-05,False
5,21,0.0,6.713490438414738e-05,False
5,22,0.0,1.6160232917172834e-05,False
5,23,0.0,5.6723030866123736e-05,False
5,24,0.0,1.932087616296485e-05,False
5,25,0.0,4.984049155609682e-05,False
5,26,-0.0963767013952745,0.00023165384482126683,False
5,27,0.0,1.6270732885459438e-05,False
5,28,0.0,1.3986606063554063e-05,False
5,29,-0.09355814894139045,2.0604278688551858e-05,False
5,30,0.0,6.845173629699275e-05,False
5,31,-0.05858967672637811,7.778719736961648e-05,False
5,32,0.0,2.2460301352111856e-06,False
5,33,0.0,1.4108317145655747e-06,False
5,34,-0.05858967672637811,7.783548790030181e-05,False
5,35,0.0,9.858003613771871e-05,False
5,36,0.0,7.823087798897177e-05,False
5,37,0.0,8.014431659830734e-05,False
5,38,0.0,7.913872832432389e-05,False
5,39,0.0,5.126580617798027e-06,False
5,40,0.0,7.657933019800112e-05,False
5,41,0.0,8.089478797046468e-05,False
5,42,0.0,1.1984898264927324e-06,False
5,43,0.0,0.0001504392275819555,False
5,44,0.0,8.470925240544602e-05,False
5,45,0.0,6.552616832777858e-05,False
5,46,0.0,1.3567741916631348e-05,False
5,47,0.0,9.37325821723789e-05,False
5,48,0.0,1.1508827810757793e-05,False
5,49,0.0,8.096687088254839e-05,False
5,50,0.0,7.31733734937734e-06,False
5,51,0.0,2.5789786377572455e-06,False
5,52,0.0,0.00015042684390209615,False
5,53,0.0,8.263713243650272e-05,False
5,54,0.0,3.447650669841096e-06,False
5,55,0.0,4.675572142787132e-07,False
5,56,0.0,8.410384180024266e-05,False
5,57,-0.21196368838438315,8.013842307263985e-05,False
5,58,0.0,2.6829557100427337e-06,False
5,59,0.0,5.730736575060291e-06,False
5,60,0.0,0.00015073090617079288,False
5,61,-0.0963767013952745,1.182172695735062e-06,False
5,62,-0.12498558789216724,1.0754341701613157e-06,False
5,63,0.0,8.287069795187563e-05,False
5,64,-0.21196368838438315,7.73614810896106e-05,False
5,65,0.0,1.3797996416542446e-06,False
5,66,0.0,3.1167062388703926e-06,False
5,67,0.0,7.676643872400746e-05,False
5,68,0.0,7.72848870838061e-05,False
5,69,0.0,3.3720777992130024e-06,False
5,70,0.0,0.00014116239617578685,False
5,71,0.0,7.632081542396918e-05,False
5,72,0.0,6.71194211463444e-05,False
5,73,0.0,4.173762590653496e-06,False
5,74,0.0,8.104581502266228e-05,False
5,75,0.0,7.830892718629912e-05,False
5,76,0.0,3.2980422020045808e-06,False
5,77,0.0,6.879133434267715e-05,False
5,78,0.0,3.40487190442218e-06,False
5,79,0.0,6.263114482862875e-05,False
5,80,0.0,7.827794615877792e-05,False
5,81,0.0,9.338998097518925e-06,False
5,82,0.0,9.056730050360784e-06,False
5,83,0.0,0.00013508801930584013,False
5,84,-0.05858967672637811,6.772736014681868e-06,False
5,85,0.0,4.217466994305141e-06,False
5,86,0.0,8.19634078652598e-05,False
5,87,0.0,2.1634509721479844e-06,False
5,88,0.0,1.0905157523666276e-06,False
5,89,0.0,5.020538083044812e-07,False
5,90,0.0,6.983696948736906e-05,False
5,91,0.0,6.753820343874395e-05,False
5,92,0.0,7.94912557466887e-05,False
5,93,0.0,7.807651854818687e-06,False
5,94,0.0,1.5721692761871964e-05,False
5,95,0.0,7.120327609300148e-06,False
5,96,0.0,2.3535185391665436e-06,False
5,97,0.0,8.141742000589147e-05,False
5,98,0.0,2.0675524865509942e-06,False
5,99,0.0,7.426238153129816e-05,False
5,100,0.0,4.7418502617802005e-06,True
6,1,0.0,1.4566343224942102e-06,False
6,2,0.0,5.237278628555941e-07,False
6,3,0.0,8.225208148360252e-05,False
6,4,0.0,3.7614661323459586e-06,False
6,5,0.0,0.00015598467143718153,False
6,6,0.0,1.1337078831274994e-05,False
6,7,0.0,1.2829315892304294e-05,False
6,8,0.0,0.0001448861585231498,False
6,9,0.0,5.395930884333211e-07,False
6,10,0.0,1.096640062314691e-06,False
6,11,0.0,0.00016147612768691033,False
6,12,0.0,7.373913103947416e-05,False
6,13,0.0,0.00015900153084658086,False
6,14,0.0,1.414286089129746e-05,False
6,15,0.0,9.909831533150282e-07,False
6,16,-0.25,8.013728074729443e-05,False
6,17,0.0,9.552265692036599e-05,False
6,18,0.0,2.8945814847247675e-06,False
6,19,-0.09355814894139045,3.5328741887497017e-06,False
6,20,0.0,9.423109986528289e-06,False
6,21,0.0,7.494165765820071e-05,False
6,22,0.0,7.8672104564248e-07,False
6,23,0.0,2.0029640381835634e-06,False
6,24,0.0,3.260913672420429e-06,False
6,25,0.0,7.882000500103459e-05,False
6,26,0.0,0.00015005431487224996,False
6,27,0.0,1.0430813745188061e-05,False
6,28,0.0,9.428913472220302e-06,False
6,29,0.0,7.470276841559098e-07,False
6,30,0.0,4.834932951780502e-06,False
6,31,0.0,9.493942343397066e-05,False
6,32,0.0,6.665842988695658e-07,False
6,33,0.0,5.88102648180211e-06,False
6,34,0.0,8.989432899397798e-06,False
6,35,0.0,7.958961214171723e-05,False
6,36,-0.153178208523466,8.047674054978415e-05,False
6,37,0.0,8.24896851554513e-05,False
6,38,0.0,4.963488891007728e-07,False
6,39,0.0,7.580322562716901e-05,False
6,40,0.0,9.753463928063866e-06,False
6,41,0.0,6.427377229556441e-06,False
6,42,0.0,8.18084372440353e-05,False
6,43,0.0,5.110709935252089e-06,False
6,44,0.0,5.713450264011044e-06,False
6,45,0.0,7.026984530966729e-05,False
6,46,0.0,2.6901466299023014e-06,False
6,47,-0.25,7.314396953006508e-06,False
6,48,0.0,5.1798397180391476e-06,False
6,49,0.0,6.405145541066304e-05,False
6,50,0.0,6.701739494019421e-06,False
6,51,0.0,8.643221008242108e-06,False
6,52,0.0,9.171787678496912e-05,False
6,53,0.0,1.8218927380075911e-06,False
6,54,0.0,4.494687345868442e-06,False
6,55,0.0,2.447208771627629e-06,False
6,56,0.0,6.729625602019951e-05,False
6,57,0.0,1.5793559668964008e-06,False
6,58,0.0,1.1233423720113933e-05,False
6,59,0.0,6.671198661933886e-06,False
6,60,0.0,8.120857091853395e-05,False
6,61,0.0,1.1587768312892877e-05,False
6,62,0.0,8.568698831368238e-06,False
6,63,0.0,5.481471816892736e-06,False
6,64,0.0,6.908019713591784e-05,False
6,65,0.0,5.2645764299086295e-06,False
6,66,0.0,3.2378984542447142e-06,False
6,67,0.0,6.045130476195482e-07,False
6,68,0.0,1.4088927855482325e-06,False
6,69,0.0,2.287070174133987e-06,False
6,70,0.0,5.435320531432808e-07,False
6,71,0.0,2.607123633424635e-06,False
6,72,0.0,8.427764259977266e-05,False
6,73,0.0,8.052679186221212e-05,False
6,74,0.0,9.126020813710056e-06,False
6,75,0.0,7.813738193362951e-05,False
6,76,0.0,3.85038583772257e-06,False
6,77,0.0,5.852308504472603e-07,False
6,78,0.0,0.00016828956722747535,False
6,79,0.0,1.1050670991608058e-06,False
6,80,0.0,8.010742021724582e-05,False
6,81,-0.05858967672637811,3.496261797408806e-06,False
6,82,0.0,2.715070650083362e-06,False
6,83,0.0,1.34550646180287e-06,False
6,84,0.0,5.092550054541789e-06,False
6,85,0.0,8.528750186087564e-05,False
6,86,0.0,0.00015693108434788883,False
6,87,0.0,1.8639462723513134e-05,False
6,88,0.0,1.1444657502579503e-05,False
6,89,0.0,2.577730356279062e-06,False
6,90,0.0,4.264374638296431e-06,False
6,91,0.0,0.0001756877318257466,False
6,92,0.0,8.860329216986429e-07,False
6,93,0.0,7.635028305230662e-05,False
6,94,0.0,8.353879820788279e-05,False
6,95,0.0,1.73567641468253e-05,False
6,96,0.0,2.1754174213128863e-06,False
6,97,0.0,8.886084833648056e-05,False
6,98,0.0,9.782519919099286e-05,False
6,99,0.0,3.2474380873281916e-07,False
6,100,0.0,5.412647169578122e-06,True
7,1,0.0,9.882694939733483e-06,False
7,2,-0.21196368838438315,3.869976353598759e-06,False
7,3,-0.0963767013952745,7.923397788545117e-05,False
7,4,0.0,8.108093607006595e-05,False
7,5,0.0,7.475881830032449e-06,False
7,6,0.0,8.206677011912689e-05,False
7,7,0.0,8.399780926993117e-05,False
7,8,0.0,0.0002134830574505031,False
7,9,0.0,3.150976408505812e-05,False
7,10,0.0,1.0995894626830705e-05,False
7,11,0.0,1.1283173989795614e-05,False
7,12,0.0,2.1564057533396408e-05,False
7,13,0.0,0.00015999942843336612,False
7,14,0.0,8.146503387251869e-05,False
7,15,0.0,0.00015479874855373055,False
7,16,0.0,0.00019605481065809727,False
7,17,0.0,1.9822560716420412e-05,False
7,18,0.0,1.22568735605455e-06,False
7,19,0.0,2.5069635739782825e-05,False
7,20,0.0,0.0001076748376362957,False
7,21,0.0,8.895898645278066e-05,False
7,22,0.0,7.791225652908906e-05,False
7,23,0.0,0.00023678821162320673,False
7,24,0.0,0.00016040436457842588,False
7,25,0.0,8.59420106280595e-05,False
7,26,0.0,4.088155947101768e-06,False
7,27,0.0,8.245602657552809e-05,False
7,28,0.0,0.00020532925555016845,False
7,29,0.0,0.00022886709484737366,False
7,30,0.0,0.00010130053124157712,False
7,31,0.0,0.00018026474572252482,False
7,32,0.0,0.00010349323565606028,False
7,33,0.0,6.78593132761307e-05,False
7,34,0.0,9.921251330524683e-05,False
7,35,0.0,2.428467087156605e-05,False
7,36,0.0,1.841468838392757e-05,False
7,37,0.0,6.634074088651687e-05,False
7,38,0.0,7.48608581488952e-05,False
7,39,0.0,8.424681436736137e-05,False
7,40,0.0,1.5068364518810995e-05,False
7,41,0.0,5.145391241967445e-06,False
7,42,0.0,6.458723873947747e-06,False
7,43,0.0,1.38504774440662e-05,False
7,44,0.0,9.351868357043713e-05,False
7,45,0.0,1.505456793893245e-06,False
7,46,0.0,0.0001569881133036688,False
7,47,0.0,0.00021929146896582097,False
7,48,0.0,9.58848322625272e-05,False
7,49,0.0,8.595756662543863e-05,False
7,50,0.0,5.6130711527657695e-06,False
7,51,0.0,8.788785635260865e-05,False
7,52,0.0,1.578764022269752e-05,False
7,53,0.0,1.374083603877807e-05,False
7,54,0.0,8.445001731161028e-05,False
7,55,0.0,7.0681712713849265e-06,False
7,56,0.0,0.0001534581824671477,False
7,57,0.0,0.00010373976692790166,False
7,58,0.0,8.619237632956356e-06,False
7,59,0.0,1.2996600844417117e-06,False
7,60,-0.153178208523466,0.00010389191447757185,False
7,61,0.0,8.607570634922013e-06,False
7,62,0.0,0.00025047516101039946,False
7,63,0.0,8.347535185748711e-05,False
7,64,0.0,2.115651295753196e-05,False
7,65,0.0,1.9431608961895108e-05,False
7,66,0.0,0.00010291704529663548,False
7,67,0.0,6.800061237299815e-05,False
7,68,0.0,4.955585154675646e-06,False
7,69,0.0,6.897774437675253e-05,False
7,70,0.0,2.946668246295303e-06,False
7,71,0.0,6.917541759321466e-05,False
7,72,0.0,7.712244951108005e-06,False
7,73,0.0,5.697040251106955e-05,False
7,74,0.0,1.4795095921726897e-05,False
7,75,0.0,8.332228026119992e-05,False
7,76,0.0,7.195130820036866e-06,False
7,77,0.0,6.937603757251054e-05,False
7,78,0.0,2.3872969450167147e-06,False
7,79,0.0,7.125146566977492e-06,False
7,80,0.0,4.057284513692139e-06,False
7,81,0.0,3.5272501008876134e-06,False
7,82,0.0,2.139188836736139e-06,False
7,83,0.0,2.0611398667824687e-06,False
7,84,-0.21196368838438315,6.658065831288695e-05,False
7,85,0.0,7.742326852167025e-05,False
7,86,0.0,3.2004143122321693e-06,False
7,87,0.0,6.239609501790255e-05,False
7,88,0.0,1.223452272824943e-06,False
7,89,0.0,6.724287959514186e-05,False
7,90,0.0,7.50377978420147e-07,False
7,91,0.0,6.600747292395681e-05,False
7,92,0.0,6.337950617307797e-05,False
7,93,0.0,3.485814659143216e-06,False
7,94,0.0,0.00012024776515318081,False
7,95,0.0,7.140290108509362e-06,False
7,96,0.0,0.00011722661292878911,False
7,97,0.0,5.610637890640646e-05,False
7,98,0.0,2.6646207516023424e-06,False
7,99,0.0,0.00013652726192958653,False
7,100,0.0,3.7607633203151636e-06,True
8,1,0.0,7.490582447644556e-06,False
8,2,0.0,6.628011760767549e-05,False
8,3,0.0,3.738806071851286e-06,False
8,4,0.0,1.217676128817402e-07,False
8,5,0.0,2.729892912611831e-06,False
8,6,0.0,7.037498289719224e-05,False
8,7,0.0,2.509720161469886e-06,False
8,8,0.0,6.176299211801961e-05,False
8,9,0.0,7.225923582154792e-06,False
8,10,0.0,4.740858003060566e-06,False
8,11,0.0,6.244934047572315e-05,False
8,12,0.0,1.6735439203330316e-06,False
8,13,0.0,2.6746024559543002e-06,False
8,14,0.0,1.6228214008151554e-06,False
8,15,0.0,6.277515058172867e-05,False
8,16,0.0,0.00019067346875090152,False
8,17,0.0,6.518574809888378e-05,False
8,18,0.0,1.0730618669185787e-05,False
8,19,0.0,6.107324588811025e-05,False
8,20,0.0,1.5300727227440802e-06,False
8,21,0.0,3.794382337218849e-06,False
8,22,0.0,0.00011505001020850614,False
8,23,0.0,6.528602534672245e-05,False
8,24,0.0,1.546785824757535e-05,False
8,25,0.0,3.6070098303753184e-06,False
8,26,0.0,7.038976036710665e-05,False
8,27,-0.153178208523466,5.653040716424584e-06,False
8,28,0.0,6.45990003249608e-05,False
8,29,0.0,4.5378715185506735e-06,False
8,30,0.0,0.00011810004798462614,False
8,31,0.0,6.225010292837396e-05,False
8,32,0.0,1.3922639254815294e-06,False
8,33,0.0,2.7916939870920032e-06,False
8,34,0.0,3.263478674853104e-06,False
8,35,0.0,2.4910982574510854e-06,False
8,36,0.0,6.276735075516626e-05,False
8,37,0.0,5.7301904234918766e-06,False
8,38,0.0,0.00017766821838449687,False
8,39,0.0,6.642973312409595e-05,False
8,40,0.0,6.400045822374523e-05,False
8,41,0.0,9.02084707377071e-07,False
8,42,0.0,2.2344181616062997e-06,False
8,43,0.0,6.950502574909478e-05,False
8,44,0.0,6.952077819732949e-05,False
8,45,0.0,0.00012169143883511424,False
8,46,0.0,6.929480150574818e-05,False
8,47,0.0,2.7409820177126676e-05,False
8,48,0.0,6.796123670937959e-06,False
8,49,0.0,0.00013477799075189978,False
8,50,0.0,6.521303475892637e-06,False
8,51,0.0,2.256018888147082e-06,False
8,52,0.0,5.429706106951926e-07,False
8,53,0.0,6.266423588385805e-05,False
8,54,0.0,6.247468991205096e-05,False
8,55,0.0,6.964093699934892e-06,False
8,56,0.0,6.139020115369931e-05,False
8,57,0.0,4.072612682648469e-07,False
8,58,0.0,1.9105334558844334e-06,False
8,59,0.0,1.1903011909453198e-06,False
8,60,0.0,1.647796921133704e-07,False
8,61,0.0,5.55455073936173e-07,False
8,62,0.0,1.139336745836772e-06,False
8,63,0.0,6.511031074296625e-07,False
8,64,0.0,6.327254232019186e-05,False
8,65,0.0,8.002226650205557e-07,False
8,66,0.0,5.135979108672473e-07,False
8,67,0.0,6.603355586776161e-07,False
8,68,0.0,1.7837578525359277e-07,False
8,69,0.0,0.00018472426745574921,False
8,70,0.0,5.9948040870949626e-05,False
8,71,0.0,0.0001791563117876649,False
8,72,0.0,6.377387035172433e-05,False
8,73,0.0,9.851371942204423e-06,False
8,74,0.0,1.735313048811804e-06,False
8,75,0.0,0.00013654814392793924,False
8,76,0.0,5.314344889484346e-05,False
8,77,0.0,2.0719562598969787e-06,False
8,78,0.0,0.00011437896318966523,False
8,79,0.0,0.0001083430033759214,False
8,80,0.0,6.788414611946791e-05,False
8,81,0.0,5.739485004596645e-06,False
8,82,0.0,0.00011367816478013992,False
8,83,0.0,6.938256774446927e-06,False
8,84,0.0,0.00010396407742518932,False
8,85,0.0,7.147534051910043e-05,False
8,86,0.0,6.525740900542587e-05,False
8,87,0.0,0.00010990291048074141,False
8,88,0.0,6.931180541869253e-05,False
8,89,0.0,6.658223719568923e-05,False
8,90,0.0,6.092465355322929e-06,False
8,91,0.0,8.861135256665875e-07,False
8,92,0.0,0.0001371554099023342,False
8,93,0.0,0.0001820605102693662,False
8,94,0.0,6.56022020848468e-05,False
8,95,0.0,8.073850040091202e-05,False
8,96,0.0,5.881392098672222e-06,False
8,97,0.0,2.567584942880785e-06,False
8,98,0.0,1.3411307008937001e-05,False
8,99,0.0,8.101588900899515e-05,False
8,100,0.0,1.9528122265910497e-06,True
9,1,0.0,0.00011706447548931465,False
9,2,0.0,0.00012410398630890995,False
9,3,0.0,7.27930964785628e-05,False
9,4,0.0,8.926482223614585e-06,False
9,5,0.0,1.1398888091207482e-06,False
9,6,0.0,1.1069821994169615e-05,False
9,7,0.0,8.284059731522575e-05,False
9,8,0.0,1.2183533044662909e-06,False
9,9,0.0,0.00011764493683585897,False
9,10,-0.12498558789216724,0.000171179068274796,False
9,11,0.0,9.38049633987248e-05,False
9,12,0.0,7.285960600711405e-05,False
9,13,0.0,0.00012188867549411952,False
9,14,0.0,6.070851668482646e-06,False
9,15,0.0,7.843084313208237e-05,False
9,16,0.0,1.8536590005169273e-06,False
9,17,0.0,0.0001180789913632907,False
9,18,0.0,7.133642066037282e-05,False
9,19,0.0,2.113270602421835e-05,False
9,20,0.0,3.359129095770186e-06,False
9,21,0.0,3.142974037473323e-06,False
9,22,0.0,1.2462994163797703e-05,False
9,23,0.0,1.1908929081982933e-05,False
9,24,0.0,4.583415318393236e-07,False
9,25,0.0,6.166168896015733e-05,False
9,26,0.0,7.78236280893907e-05,False
9,27,0.0,1.0036643288913183e-05,False
9,28,0.0,6.0393176681827754e-05,False
9,29,-0.25,2.2327699298330117e-06,False
9,30,0.0,7.171610195655376e-05,False
9,31,0.0,2.5579333851055708e-06,False
9,32,0.0,6.123387720435858e-05,False
9,33,0.0,6.245309486985207e-05,False
9,34,0.0,1.1075442671426572e-05,False
9,35,0.0,4.255317890056176e-06,False
9,36,0.0,3.450086580869538e-07,False
9,37,0.0,7.3880478339560796e-06,False
9,38,0.0,7.554527201136807e-06,False
9,39,0.0,5.366619734559208e-05,False
9,40,0.0,2.2143806290841894e-06,False
9,41,0.0,6.003861471981509e-06,False
9,42,0.0,5.475125362863764e-05,False
9,43,0.0,6.217536429176107e-05,False
9,44,0.0,6.38190031168051e-05,False
9,45,0.0,2.1520286281884182e-06,False
9,46,0.0,1.1213141988264397e-06,False
9,47,0.0,0.0001241445424966514,False
9,48,0.0,4.450596861715894e-06,False
9,49,0.0,2.9942159471829655e-06,False
9,50,0.0,5.798994493488863e-07,False
9,51,0.0,0.00011474734492367133,False
9,52,0.0,6.002926602377556e-05,False
9,53,0.0,3.7727204471593723e-06,False
9,54,0.0,6.193625449668616e-05,False
9,55,0.0,6.001049041515216e-05,False
9,56,0.0,0.00018218568584416062,False
9,57,0.0,6.80946686770767e-05,False
9,58,0.0,6.635844329139218e-05,False
9,59,0.0,6.355534424073994e-05,False
9,60,0.0,0.0001226019230671227,False
9,61,0.0,6.16371471551247e-05,False
9,62,0.0,5.783511369372718e-05,False
9,63,0.0,4.990496336176875e-07,False
9,64,0.0,4.7578444650753227e-07,False
9,65,0.0,5.661806312673434e-07,False
9,66,0.0,5.979301568004303e-05,False
9,67,0.0,5.931483246968128e-05,False
9,68,0.0,1.3415924513537902e-06,False
9,69,0.0,0.00011248612281633541,False
9,70,0.0,6.347903399728239e-05,False
9,71,0.0,1.9628091649792623e-06,False
9,72,0.0,1.984165919566294e-06,False
9,73,0.0,5.739787866332335e-06,False
9,74,0.0,2.74237345365691e-06,False
9,75,0.0,1.6633169934721082e-06,False
9,76,0.0,6.278880755417049e-05,False
9,77,0.0,5.385172335081734e-05,False
9,78,0.0,2.3659758880967274e-06,False
9,79,0.0,6.417690747184679e-05,False
9,80,0.0,3.374384505150374e-06,False
9,81,0.0,2.1700545858038822e-06,False
9,82,0.0,2.000540007429663e-06,False
9,83,0.0,2.0554304569486703e-07,False
9,84,0.0,2.8998479706388025e-07,False
9,85,-0.05858967672637811,6.068010520721145e-07,False
9,86,0.0,6.424847356356622e-07,False
9,87,0.0,6.448067324527074e-07,False
9,88,0.0,6.0605001635849476e-05,False
9,89,0.0,5.9029895055573434e-05,False
9,90,0.0,3.2287498470395803e-06,False
9,91,0.0,3.073216703342041e-06,False
9,92,0.0,1.5999892184481723e-06,False
9,93,0.0,6.681879312964156e-05,False
9,94,0.0,3.217219273210503e-06,False
9,95,0.0,1.7767314375305432e-06,False
9,96,0.0,6.023256719345227e-05,False
9,97,0.0,4.981130132364342e-06,False
9,98,0.0,6.133155693532899e-05,False
9,99,0.0,5.290956778480904e-06,False
9,100,0.0,1.2886865761174704e-06,True
10,1,0.0,2.6247143978253007e-06,False
10,2,0.0,6.919864244991913e-05,False
10,3,0.0,3.960205503972247e-06,False
10,4,0.0,0.00011668907973216847,False
10,5,0.0,6.598835170734674e-05,False
10,6,0.0,6.615399615839124e-05,False
10,7,0.0,5.889448584639467e-05,False
10,8,0.0,5.9035810409113765e-05,False
10,9,0.0,6.726147694280371e-05,False
10,10,0.0,6.541495531564578e-05,False
10,11,0.0,0.0001276534458156675,False
10,12,0.0,1.0369027222623117e-05,False
10,13,0.0,8.32195200928254e-06,False
10,14,0.0,3.032936774616246e-06,False
10,15,0.0,3.3931348752958e-06,False
10,16,0.0,6.76033278068644e-06,False
10,17,0.0,3.915641627827426e-06,False
10,18,0.0,1.1153183265832922e-07,False
10,19,0.0,2.7414596388553036e-06,False
10,20,0.0,0.00011292347335256636,False
10,21,0.0,2.90095931632095e-06,False
10,22,0.0,0.00012098750448785722,False
10,23,0.0,1.000917109195143e-06,False
10,24,0.0,2.6227105536236195e-06,False
10,25,0.0,5.914474604651332e-05,False
10,26,0.0,0.00010631925397319719,False
10,27,0.0,6.146275700302795e-05,False
10,28,0.0,6.158994074212387e-05,False
10,29,0.0,0.0001185175497084856,False
10,30,0.0,5.088817488285713e-05,False
10,31,0.0,5.959843474556692e-05,False
10,32,0.0,6.465750630013645e-05,False
10,33,0.0,6.164608203107491e-05,False
10,34,0.0,6.339838728308678e-05,False
10,35,0.0,5.163097375771031e-05,False
10,36,0.0,0.00011252798140048981,False
10,37,0.0,4.5010000349066104e-07,False
10,38,0.0,6.141760968603194e-05,False
10,39,0.0,5.8887279010377824e-05,False
10,40,0.0,1.2903486094728578e-05,False
10,41,0.0,4.556462045002263e-06,False
10,42,0.0,5.935144145041704e-06,False
10,43,0.0,4.0464894368597015e-07,False
10,44,0.0,3.688300694193458e-06,False
10,45,0.0,6.621895590797067e-05,False
10,46,0.0,1.8950688627228374e-06,False
10,47,0.0,4.753896064357832e-06,False
10,48,0.0,2.7039850465371273e-06,False
10,49,0.0,0.00011857556091854349,False
10,50,0.0,5.918457463849336e-05,False
10,51,0.0,5.865387720405124e-05,False
10,52,0.0,5.8782403357326984e-05,False
10,53,0.0,6.629669951507822e-05,False
10,54,0.0,0.00012021143629681319,False
10,55,0.0,1.4309091511677252e-07,False
10,56,0.0,1.0504531928745564e-06,False
10,57,0.0,5.880562821403146e-05,False
10,58,0.0,8.654805014884914e-07,False
10,59,0.0,0.00011887457367265597,False
10,60,0.0,6.041673259460367e-05,False
10,61,0.0,1.065615469997283e-05,False
10,62,0.0,6.471900269389153e-05,False
10,63,0.0,0.00012308219447731972,False
10,64,0.0,5.16212749062106e-05,False
10,65,0.0,2.534150780775235e-06,False
10,66,0.0,5.7867491705110297e-05,False
10,67,0.0,1.9746428279177053e-06,False
10,68,0.0,5.7008113799383864e-05,False
10,69,0.0,2.164558736694744e-06,False
10,70,0.0,8.275686695924378e-07,False
10,71,-0.18599078063948307,7.923540010779107e-07,False
10,72,0.0,1.43009208386502e-06,False
10,73,0.0,9.81704374680703e-07,False
10,74,0.0,3.5267163411845104e-07,False
10,75,0.0,6.767693321307888e-07,False
10,76,0.0,5.658737427438609e-05,False
10,77,0.0,0.00011223360343137756,False
10,78,0.0,4.72825558972545e-06,False
10,79,0.0,6.45292893750593e-05,False
10,80,0.0,9.50194078086497e-07,False
10,81,0.0,2.5910574095178163e-06,False
10,82,0.0,2.6557841010799166e-06,False
10,83,0.0,8.189953746295942e-07,False
10,84,0.0,5.284520739223808e-05,False
10,85,0.0,2.5503507004032144e-06,False
10,86,0.0,1.7766030850907555e-06,False
10,87,0.0,1.2045461517118383e-08,False
10,88,0.0,7.094672582752537e-06,False
10,89,0.0,5.649049489875324e-05,False
10,90,0.0,3.878305960824946e-06,False
10,91,0.0,9.883118536890834e-07,False
10,92,0.0,5.782032894785516e-05,False
10,93,0.0,3.683716613522847e-06,False
10,94,0.0,5.9233123465674e-05,False
10,95,0.0,7.000917321420275e-07,False
10,96,0.0,5.699503162759356e-06,False
10,97,0.0,4.314269062888343e-06,False
10,98,0.0,6.171582936076447e-05,False
10,99,0.0,2.864550197045901e-06,False
10,100,0.0,2.7009432415070478e-06,True
